statistic,comparison,stratum,unit,n_clips,n_speakers,estimate,ci_low,ci_high,boot_se,excludes_zero
mean_gap,Direct minus Cascade-600M,overall,speaker,4200,1586,7.000848402571932,6.449673930190401,7.595777081924505,0.29316288333474744,True
mean_gap,Direct minus Cascade-3.3B,overall,speaker,4200,1586,4.986996058417141,4.394443951951154,5.699902415916012,0.3194294293926232,True
mean_gap,Cascade-3.3B minus Cascade-600M,overall,speaker,4200,1586,2.01385234415479,1.6080138355633702,2.4177322060047097,0.20726833074767503,True
mean_gap,Direct minus Cascade-600M,England English,speaker,600,398,5.406994831155469,4.290930394628178,6.532292860740017,0.5867812596340087,True
mean_gap,Direct minus Cascade-3.3B,England English,speaker,600,398,4.240793270188687,3.1091646494889966,5.296823318589303,0.5642084065107502,True
mean_gap,Cascade-3.3B minus Cascade-600M,England English,speaker,600,398,1.1662015609667833,0.18056792588864656,2.1923885191557915,0.4955285666648166,True
mean_gap,Direct minus Cascade-600M,Filipino,speaker,600,72,7.675874333046218,6.231752319216499,9.282158262599621,0.7841114400450222,True
mean_gap,Direct minus Cascade-3.3B,Filipino,speaker,600,72,4.423984153670686,3.1720801638297025,5.7903223574969855,0.6651145175194267,True
mean_gap,Cascade-3.3B minus Cascade-600M,Filipino,speaker,600,72,3.2518901793755313,2.1115527283355697,4.372350144714773,0.5914128615423864,True
mean_gap,Direct minus Cascade-600M,Hong Kong English,speaker,600,41,8.356344065250983,6.145764295179694,10.200407779819729,1.0126087266040904,True
mean_gap,Direct minus Cascade-3.3B,Hong Kong English,speaker,600,41,7.021018356953691,4.591895378337264,9.690724569819631,1.3392523619050642,True
mean_gap,Cascade-3.3B minus Cascade-600M,Hong Kong English,speaker,600,41,1.3353257082972938,0.09264300372801534,2.521241938528426,0.6174053572059377,True
mean_gap,Direct minus Cascade-600M,"India and South Asia (India, Pakistan, Sri Lanka)",speaker,600,356,7.625493409949372,6.460255556267626,8.859926951701468,0.6125806695248477,True
mean_gap,Direct minus Cascade-3.3B,"India and South Asia (India, Pakistan, Sri Lanka)",speaker,600,356,5.408395276374711,4.29015342776071,6.656276905110617,0.5771114475538314,True
mean_gap,Cascade-3.3B minus Cascade-600M,"India and South Asia (India, Pakistan, Sri Lanka)",speaker,600,356,2.217098133574661,1.1109032130784136,3.2542907613496483,0.5291577409895586,True
mean_gap,Direct minus Cascade-600M,Malaysian English,speaker,600,61,7.856397050848914,6.546261135790454,9.269120655016346,0.7156465964315606,True
mean_gap,Direct minus Cascade-3.3B,Malaysian English,speaker,600,61,5.658249774130374,4.454430558334404,6.9740006630055005,0.6554540638983102,True
mean_gap,Cascade-3.3B minus Cascade-600M,Malaysian English,speaker,600,61,2.198147276718539,1.2130894203712494,3.0909697582846243,0.4824891869034241,True
mean_gap,Direct minus Cascade-600M,"Southern African (South Africa, Zimbabwe, Namibia)",speaker,600,131,5.517761232486553,4.349504072293055,6.724974352646176,0.6349881833582492,True
mean_gap,Direct minus Cascade-3.3B,"Southern African (South Africa, Zimbabwe, Namibia)",speaker,600,131,3.4968586704143276,2.4717667317363587,4.6408808613571635,0.5664616440171263,True
mean_gap,Cascade-3.3B minus Cascade-600M,"Southern African (South Africa, Zimbabwe, Namibia)",speaker,600,131,2.0209025620722243,0.956194003260851,3.0653657010249167,0.5373417078025459,True
mean_gap,Direct minus Cascade-600M,United States English,speaker,600,527,6.56707389526601,5.379145274473549,7.828014146560254,0.6335352456539165,True
mean_gap,Direct minus Cascade-3.3B,United States English,speaker,600,527,4.659672907187513,3.575448193634751,5.804886284710455,0.6083020474788661,True
mean_gap,Cascade-3.3B minus Cascade-600M,United States English,speaker,600,527,1.9074009880784975,0.8433351296747094,2.9156014692582373,0.5189195671227976,True
spread_max_minus_min,spread_Direct,7 accents,speaker,4200,1586,1.7084253588400884,1.4291536663672872,5.055435875492881,0.9705163083775449,
spread_max_minus_min,spread_Cascade-600M,7 accents,speaker,4200,1586,2.7025064892278117,1.9516958727847622,4.73807198558741,0.7314477747547968,
spread_max_minus_min,spread_Cascade-3.3B,7 accents,speaker,4200,1586,3.173804883743216,2.0305303750459145,5.671661603752965,0.955824377751618,
mean_gap,Direct minus Cascade-600M,overall,clip,4200,1586,7.000848402571932,6.5358401006915,7.4701353629948235,0.24206700891907457,True
mean_gap,Direct minus Cascade-3.3B,overall,clip,4200,1586,4.986996058417141,4.542719395156408,5.458532507500034,0.2339404942179103,True
mean_gap,Cascade-3.3B minus Cascade-600M,overall,clip,4200,1586,2.01385234415479,1.6026383103805422,2.4039272985079543,0.20801695518243998,True
mean_gap,Direct minus Cascade-600M,England English,clip,600,398,5.406994831155469,4.141758018160634,6.635682139898629,0.6109485707603295,True
mean_gap,Direct minus Cascade-3.3B,England English,clip,600,398,4.240793270188687,3.0571779333102085,5.423177271570688,0.6065018775141993,True
mean_gap,Cascade-3.3B minus Cascade-600M,England English,clip,600,398,1.1662015609667833,0.11596362812221492,2.053668106061354,0.5081825230197285,True
mean_gap,Direct minus Cascade-600M,Filipino,clip,600,72,7.675874333046218,6.495551999250771,9.012887020344092,0.6323092177931678,True
mean_gap,Direct minus Cascade-3.3B,Filipino,clip,600,72,4.423984153670686,3.387765988353712,5.662734007950296,0.6124510554120393,True
mean_gap,Cascade-3.3B minus Cascade-600M,Filipino,clip,600,72,3.2518901793755313,2.2533824153451762,4.3532974679734275,0.5391263660328937,True
mean_gap,Direct minus Cascade-600M,Hong Kong English,clip,600,41,8.356344065250983,6.773166479346228,9.646735436293213,0.7182013065723634,True
mean_gap,Direct minus Cascade-3.3B,Hong Kong English,clip,600,41,7.021018356953691,5.53683915877149,8.402699502629076,0.7133304717994781,True
mean_gap,Cascade-3.3B minus Cascade-600M,Hong Kong English,clip,600,41,1.3353257082972938,0.2902809310544704,2.38752777450837,0.5291074978068773,True
mean_gap,Direct minus Cascade-600M,"India and South Asia (India, Pakistan, Sri Lanka)",clip,600,356,7.625493409949372,6.449689496400115,8.94719017459078,0.6280496795122154,True
mean_gap,Direct minus Cascade-3.3B,"India and South Asia (India, Pakistan, Sri Lanka)",clip,600,356,5.408395276374711,4.271787826228127,6.518578308054182,0.5742785902616443,True
mean_gap,Cascade-3.3B minus Cascade-600M,"India and South Asia (India, Pakistan, Sri Lanka)",clip,600,356,2.217098133574661,1.196026945251716,3.28627374863181,0.5360337231547957,True
mean_gap,Direct minus Cascade-600M,Malaysian English,clip,600,61,7.856397050848914,6.6598550516281,9.040870470656737,0.606741764558854,True
mean_gap,Direct minus Cascade-3.3B,Malaysian English,clip,600,61,5.658249774130374,4.484071681645091,6.8508440277993845,0.6307899894268522,True
mean_gap,Cascade-3.3B minus Cascade-600M,Malaysian English,clip,600,61,2.198147276718539,1.203507372622595,3.1019088003455892,0.5040156707536584,True
mean_gap,Direct minus Cascade-600M,"Southern African (South Africa, Zimbabwe, Namibia)",clip,600,131,5.517761232486553,4.412633249422546,6.713965227503939,0.5934771780339043,True
mean_gap,Direct minus Cascade-3.3B,"Southern African (South Africa, Zimbabwe, Namibia)",clip,600,131,3.4968586704143276,2.5243551577109278,4.537183786206706,0.5243295851239586,True
mean_gap,Cascade-3.3B minus Cascade-600M,"Southern African (South Africa, Zimbabwe, Namibia)",clip,600,131,2.0209025620722243,0.9453815264445599,3.0514237455452022,0.5402702273456405,True
mean_gap,Direct minus Cascade-600M,United States English,clip,600,527,6.56707389526601,5.359349303115362,7.742112865103267,0.6125702854232611,True
mean_gap,Direct minus Cascade-3.3B,United States English,clip,600,527,4.659672907187513,3.50692047851202,5.849915673787574,0.6143972209804912,True
mean_gap,Cascade-3.3B minus Cascade-600M,United States English,clip,600,527,1.9074009880784975,0.8423335905963478,2.8056195772860146,0.5063438555593833,True
spread_max_minus_min,spread_Direct,7 accents,clip,4200,1586,1.7084253588400884,1.306521261568954,4.138148930900203,0.7413067161009506,
spread_max_minus_min,spread_Cascade-600M,7 accents,clip,4200,1586,2.7025064892278117,1.9581909938229338,4.849906871452583,0.7344285253368719,
spread_max_minus_min,spread_Cascade-3.3B,7 accents,clip,4200,1586,3.173804883743216,2.0377831317215223,5.181348285725945,0.7999904159167742,
