statistic,system,accent,unit,n_clips,n_speakers,estimate,ci_low,ci_high,boot_se,excludes_zero,rank_within_system
accent_mean,Direct,England English,speaker,600,398,27.88188001125623,26.391558455316677,29.367800628342806,0.7404271173520037,,4.0
accent_mean,Cascade-600M,England English,speaker,600,398,22.47488518010076,21.202067689337415,23.83608647037555,0.6511587481573256,,1.0
accent_mean,Cascade-3.3B,England English,speaker,600,398,23.641086741067543,22.25105840891563,25.05442429420531,0.7315121047765131,,3.0
accent_mean,Direct,Filipino,speaker,600,72,28.904476908335038,26.805480923442012,30.88252453044144,1.0395087799020575,,1.0
accent_mean,Cascade-600M,Filipino,speaker,600,72,21.22860257528882,19.705905316091606,22.67056721201725,0.7508798052115123,,3.0
accent_mean,Cascade-3.3B,Filipino,speaker,600,72,24.480492754664354,22.15090504127741,26.53387660746631,1.1064871719488436,,1.0
accent_mean,Direct,Hong Kong English,speaker,600,41,28.32770622787483,25.97114507383526,31.01742296009203,1.3486366242592198,,2.0
accent_mean,Cascade-600M,Hong Kong English,speaker,600,41,19.971362162623844,18.54590325790345,21.384160583777398,0.7380765897209769,,6.0
accent_mean,Cascade-3.3B,Hong Kong English,speaker,600,41,21.306687870921134,19.959396980762147,22.608032122326872,0.6940466953226337,,7.0
accent_mean,Direct,"India and South Asia (India, Pakistan, Sri Lanka)",speaker,600,356,27.397872100822322,25.962274090987354,29.007121924500115,0.7959083086527465,,5.0
accent_mean,Cascade-600M,"India and South Asia (India, Pakistan, Sri Lanka)",speaker,600,356,19.772378690872944,18.425140041593373,20.989177992873724,0.627045540799648,,7.0
accent_mean,Cascade-3.3B,"India and South Asia (India, Pakistan, Sri Lanka)",speaker,600,356,21.989476824447607,20.541732879463936,23.46824798430661,0.7361293247241913,,6.0
accent_mean,Direct,Malaysian English,speaker,600,61,28.03425699140498,26.491176572576354,29.600995582422737,0.7905375848829388,,3.0
accent_mean,Cascade-600M,Malaysian English,speaker,600,61,20.177859940556065,19.111950063699975,21.320748429332404,0.5586178825664497,,5.0
accent_mean,Cascade-3.3B,Malaysian English,speaker,600,61,22.3760072172746,21.06981690689181,23.761520265390786,0.7043540533515115,,5.0
accent_mean,Direct,"Southern African (South Africa, Zimbabwe, Namibia)",speaker,600,131,27.19605154949495,25.745171087012004,28.56767402243315,0.7402664931529975,,7.0
accent_mean,Cascade-600M,"Southern African (South Africa, Zimbabwe, Namibia)",speaker,600,131,21.678290317008397,20.671950520820182,22.73515203205082,0.533412602593923,,2.0
accent_mean,Cascade-3.3B,"Southern African (South Africa, Zimbabwe, Namibia)",speaker,600,131,23.699192879080623,22.384164408225523,24.966828592154815,0.6604337945295514,,2.0
accent_mean,Direct,United States English,speaker,600,527,27.26875606494523,25.68711653031752,28.913096175323126,0.8333364964517416,,6.0
accent_mean,Cascade-600M,United States English,speaker,600,527,20.701682169679223,19.397066736729283,22.166930588215497,0.6971849087389578,,4.0
accent_mean,Cascade-3.3B,United States English,speaker,600,527,22.609083157757716,21.155045772848183,24.015334240318673,0.7288186415725483,,4.0
spread_max_minus_min,Direct,"max: Filipino / min: Southern African (South Africa, Zimbabwe, Namibia)",speaker,4200,1586,1.7084253588400884,1.4291536663672872,5.055435875492881,0.9705163083775449,,
spread_max_minus_min,Cascade-600M,"max: England English / min: India and South Asia (India, Pakistan, Sri Lanka)",speaker,4200,1586,2.7025064892278117,1.9516958727847622,4.73807198558741,0.7314477747547968,,
spread_max_minus_min,Cascade-3.3B,max: Filipino / min: Hong Kong English,speaker,4200,1586,3.173804883743216,2.0305303750459145,5.671661603752965,0.955824377751618,,
spread_difference,spread Direct minus Cascade-600M,7 accents,speaker,4200,1586,-0.9940811303877233,-2.3440583071396266,2.2802251035823926,1.2212502178274132,0.0,
spread_difference,spread Direct minus Cascade-3.3B,7 accents,speaker,4200,1586,-1.4653795249031276,-2.6180233595757523,1.630516427830643,1.1108164314789786,0.0,
spread_difference,spread Cascade-3.3B minus Cascade-600M,7 accents,speaker,4200,1586,0.47129839451540434,-1.2449693193689209,2.650106441063598,1.0162421458503643,0.0,
accent_mean,Direct,England English,clip,600,398,27.88188001125623,26.484143923180905,29.454248078422793,0.7681356485289285,,4.0
accent_mean,Cascade-600M,England English,clip,600,398,22.47488518010076,21.302552428434176,23.9025204172372,0.66758622099248,,1.0
accent_mean,Cascade-3.3B,England English,clip,600,398,23.641086741067543,22.290913924222668,25.06237155351167,0.7100763546975787,,3.0
accent_mean,Direct,Filipino,clip,600,72,28.904476908335038,27.532277979973536,30.35472121800608,0.7339454143073556,,1.0
accent_mean,Cascade-600M,Filipino,clip,600,72,21.22860257528882,20.055011387520153,22.449131751867995,0.6148092243984636,,3.0
accent_mean,Cascade-3.3B,Filipino,clip,600,72,24.480492754664354,23.093953925849732,25.894616752262806,0.7212624082843605,,1.0
accent_mean,Direct,Hong Kong English,clip,600,41,28.32770622787483,26.735699766576566,29.94484553888146,0.811226492352059,,2.0
accent_mean,Cascade-600M,Hong Kong English,clip,600,41,19.971362162623844,18.779774200742736,21.28168528185006,0.6402233687288716,,6.0
accent_mean,Cascade-3.3B,Hong Kong English,clip,600,41,21.306687870921134,20.02991585550164,22.621674931529512,0.6634648438104711,,7.0
accent_mean,Direct,"India and South Asia (India, Pakistan, Sri Lanka)",clip,600,356,27.397872100822322,25.834674888962454,29.012895750414405,0.8010857853520699,,5.0
accent_mean,Cascade-600M,"India and South Asia (India, Pakistan, Sri Lanka)",clip,600,356,19.772378690872944,18.42168105761625,21.02286645835065,0.6599273552963905,,7.0
accent_mean,Cascade-3.3B,"India and South Asia (India, Pakistan, Sri Lanka)",clip,600,356,21.989476824447607,20.63601367553083,23.3053464234138,0.7075899318412939,,6.0
accent_mean,Direct,Malaysian English,clip,600,61,28.03425699140498,26.55216004092553,29.60543883313877,0.7725329667968288,,3.0
accent_mean,Cascade-600M,Malaysian English,clip,600,61,20.177859940556065,18.92496679677674,21.47835243802886,0.6197509056041979,,5.0
accent_mean,Cascade-3.3B,Malaysian English,clip,600,61,22.3760072172746,20.90163483916477,23.80614948980424,0.7200426742292391,,5.0
accent_mean,Direct,"Southern African (South Africa, Zimbabwe, Namibia)",clip,600,131,27.19605154949495,25.84333734810092,28.67314573371171,0.721993878959492,,7.0
accent_mean,Cascade-600M,"Southern African (South Africa, Zimbabwe, Namibia)",clip,600,131,21.678290317008397,20.40127062266793,23.01961048071834,0.6676419023207684,,2.0
accent_mean,Cascade-3.3B,"Southern African (South Africa, Zimbabwe, Namibia)",clip,600,131,23.699192879080623,22.40444054133859,24.98091959823986,0.6664958729924296,,2.0
accent_mean,Direct,United States English,clip,600,527,27.26875606494523,25.66265465876681,28.980997179171503,0.8214095107366045,,6.0
accent_mean,Cascade-600M,United States English,clip,600,527,20.701682169679223,19.38653176688831,21.983723202883713,0.6668589032725728,,4.0
accent_mean,Cascade-3.3B,United States English,clip,600,527,22.609083157757716,21.073539928690877,23.999412152602645,0.7260745467635507,,4.0
spread_max_minus_min,Direct,"max: Filipino / min: Southern African (South Africa, Zimbabwe, Namibia)",clip,4200,1586,1.7084253588400884,1.306521261568954,4.138148930900203,0.7413067161009506,,
spread_max_minus_min,Cascade-600M,"max: England English / min: India and South Asia (India, Pakistan, Sri Lanka)",clip,4200,1586,2.7025064892278117,1.9581909938229338,4.849906871452583,0.7344285253368719,,
spread_max_minus_min,Cascade-3.3B,max: Filipino / min: Hong Kong English,clip,4200,1586,3.173804883743216,2.0377831317215223,5.181348285725945,0.7999904159167742,,
spread_difference,spread Direct minus Cascade-600M,7 accents,clip,4200,1586,-0.9940811303877233,-2.515861431258339,1.223616826461329,0.9957580205522009,0.0,
spread_difference,spread Direct minus Cascade-3.3B,7 accents,clip,4200,1586,-1.4653795249031276,-2.680944087460469,0.9671038424472809,0.9320420147560897,0.0,
spread_difference,spread Cascade-3.3B minus Cascade-600M,7 accents,clip,4200,1586,0.47129839451540434,-1.3247579862224446,2.0889090501359684,0.8910641640227751,0.0,
