id,sample_id,primary_accent,clip,sentence,reference_translation_zh,official_direct_translation,experiment,translation,runtime_sec,audio_duration_sec,generated_token_count,generated_unk_id_count,decoded_contains_literal_unk,generated_token_ids
sample_0090,spk_1183,England English,common_voice_en_19720454.mp3,Restoration silver is characterized by embossed motifs for tulips and naturalistic fruit and leaves.,修复银的特点是压花图案表现的郁金香和自然的水果和树叶。,修复银的特点是<unk>花和自然的水果和叶子的雕刻图案.,baseline_greedy,修复银的特点是<unk>花和自然的水果和叶子的雕刻图案.,2.768577499999992,8.352,27,0,True,"[3, 256016, 247661, 250064, 250328, 251004, 190724, 249506, 248402, 249371, 2105, 248948, 250120, 248582, 48240, 248016, 249614, 249155, 248582, 252337, 175574, 252685, 250991, 249914, 249649, 247676, 3]"
sample_0090,spk_1183,England English,common_voice_en_19720454.mp3,Restoration silver is characterized by embossed motifs for tulips and naturalistic fruit and leaves.,修复银的特点是压花图案表现的郁金香和自然的水果和树叶。,修复银的特点是<unk>花和自然的水果和叶子的雕刻图案.,greedy_block_unk,修复银的特点是<unk>花和自然的水果和叶子的雕刻图案.,2.7646495000000044,8.352,27,0,True,"[3, 256016, 247661, 250064, 250328, 251004, 190724, 249506, 248402, 249371, 2105, 248948, 250120, 248582, 48240, 248016, 249614, 249155, 248582, 252337, 175574, 252685, 250991, 249914, 249649, 247676, 3]"
sample_0090,spk_1183,England English,common_voice_en_19720454.mp3,Restoration silver is characterized by embossed motifs for tulips and naturalistic fruit and leaves.,修复银的特点是压花图案表现的郁金香和自然的水果和树叶。,修复银的特点是<unk>花和自然的水果和叶子的雕刻图案.,beam5,修复银的特点是郁金香和自然的水果和叶子的雕刻图案.,5.3701799580000085,8.352,26,0,False,"[3, 256016, 247661, 250064, 250328, 251004, 190724, 249506, 248402, 253270, 249179, 250345, 248582, 48240, 248016, 249614, 249155, 248582, 252337, 175574, 252685, 250991, 249914, 249649, 247676, 3]"
sample_0090,spk_1183,England English,common_voice_en_19720454.mp3,Restoration silver is characterized by embossed motifs for tulips and naturalistic fruit and leaves.,修复银的特点是压花图案表现的郁金香和自然的水果和树叶。,修复银的特点是<unk>花和自然的水果和叶子的雕刻图案.,beam5_block_unk,修复银的特点是郁金香和自然的水果和叶子的雕刻图案.,4.991635958000003,8.352,26,0,False,"[3, 256016, 247661, 250064, 250328, 251004, 190724, 249506, 248402, 253270, 249179, 250345, 248582, 48240, 248016, 249614, 249155, 248582, 252337, 175574, 252685, 250991, 249914, 249649, 247676, 3]"
sample_0221,spk_1435,England English,common_voice_en_17259609.mp3,Who is the blonde girl with the red skirt?,那个穿红裙子的金发女孩是谁?,那个穿着红色<unk>子的金发女孩是谁?,baseline_greedy,那个穿着红色<unk>子的金发女孩是谁?,1.8911282090000014,3.432,19,0,True,"[3, 256016, 48352, 248802, 251381, 249783, 251202, 249633, 249371, 2105, 248948, 175574, 249179, 249043, 95591, 248402, 251525, 247805, 3]"
sample_0221,spk_1435,England English,common_voice_en_17259609.mp3,Who is the blonde girl with the red skirt?,那个穿红裙子的金发女孩是谁?,那个穿着红色<unk>子的金发女孩是谁?,greedy_block_unk,那个穿着红色<unk>子的金发女孩是谁?,2.1916793749999925,3.432,19,0,True,"[3, 256016, 48352, 248802, 251381, 249783, 251202, 249633, 249371, 2105, 248948, 175574, 249179, 249043, 95591, 248402, 251525, 247805, 3]"
sample_0221,spk_1435,England English,common_voice_en_17259609.mp3,Who is the blonde girl with the red skirt?,那个穿红裙子的金发女孩是谁?,那个穿着红色<unk>子的金发女孩是谁?,beam5,那个穿着红色<unk>子的金发女孩是谁?,3.493806707999994,3.432,19,0,True,"[3, 256016, 48352, 248802, 251381, 249783, 251202, 249633, 249371, 2105, 248948, 175574, 249179, 249043, 95591, 248402, 251525, 247805, 3]"
sample_0221,spk_1435,England English,common_voice_en_17259609.mp3,Who is the blonde girl with the red skirt?,那个穿红裙子的金发女孩是谁?,那个穿着红色<unk>子的金发女孩是谁?,beam5_block_unk,那个穿着红色<unk>子的金发女孩是谁?,3.5037185420000014,3.432,19,0,True,"[3, 256016, 48352, 248802, 251381, 249783, 251202, 249633, 249371, 2105, 248948, 175574, 249179, 249043, 95591, 248402, 251525, 247805, 3]"
sample_0235,spk_0391,England English,common_voice_en_541692.mp3,"When he saw Henderson in his garden, he called over the fence and made himself understood.",当他看见 Henderson 在他的花园里时，他隔着篱笆喊了一声，对方明白了他的意思。,"当他看到亨德森在他的花园,他叫过<unk>,并让自己理解.",baseline_greedy,"当他看到亨德森在他的花园,他叫过<unk>,并让自己理解.",2.8693400000000224,8.064,26,0,True,"[3, 256016, 34931, 248575, 26364, 252416, 249442, 250667, 248408, 20103, 250120, 251236, 247681, 248575, 250754, 249249, 249371, 2105, 248948, 247681, 249244, 250108, 8456, 53659, 247676, 3]"
sample_0235,spk_0391,England English,common_voice_en_541692.mp3,"When he saw Henderson in his garden, he called over the fence and made himself understood.",当他看见 Henderson 在他的花园里时，他隔着篱笆喊了一声，对方明白了他的意思。,"当他看到亨德森在他的花园,他叫过<unk>,并让自己理解.",greedy_block_unk,"当他看到亨德森在他的花园,他叫过<unk>,并让自己理解.",2.968827250000004,8.064,26,0,True,"[3, 256016, 34931, 248575, 26364, 252416, 249442, 250667, 248408, 20103, 250120, 251236, 247681, 248575, 250754, 249249, 249371, 2105, 248948, 247681, 249244, 250108, 8456, 53659, 247676, 3]"
sample_0235,spk_0391,England English,common_voice_en_541692.mp3,"When he saw Henderson in his garden, he called over the fence and made himself understood.",当他看见 Henderson 在他的花园里时，他隔着篱笆喊了一声，对方明白了他的意思。,"当他看到亨德森在他的花园,他叫过<unk>,并让自己理解.",beam5,"当他看到亨德森在他的花园,他叫过围<unk>和让自己理解.",4.910561999999999,8.064,26,0,True,"[3, 256016, 34931, 248575, 26364, 252416, 249442, 250667, 248408, 20103, 250120, 251236, 247681, 248575, 250754, 249249, 250889, 249371, 2105, 248948, 248582, 250108, 8456, 53659, 247676, 3]"
sample_0235,spk_0391,England English,common_voice_en_541692.mp3,"When he saw Henderson in his garden, he called over the fence and made himself understood.",当他看见 Henderson 在他的花园里时，他隔着篱笆喊了一声，对方明白了他的意思。,"当他看到亨德森在他的花园,他叫过<unk>,并让自己理解.",beam5_block_unk,"当他看到亨德森在他的花园,他叫过围<unk>和让自己理解.",4.908532124999994,8.064,26,0,True,"[3, 256016, 34931, 248575, 26364, 252416, 249442, 250667, 248408, 20103, 250120, 251236, 247681, 248575, 250754, 249249, 250889, 249371, 2105, 248948, 248582, 250108, 8456, 53659, 247676, 3]"
sample_0282,spk_0036,England English,common_voice_en_17757054.mp3,The hail pattered on the burnt brown grass.,冰雹拍打着烧焦的棕色草地。,冰雹在烧焦的棕色草地上<unk>.,baseline_greedy,冰雹在烧焦的棕色草地上<unk>.,1.9293236660000161,3.912,18,0,True,"[3, 256016, 247661, 251541, 255109, 248408, 252623, 251896, 248016, 253461, 249633, 250865, 214311, 249371, 2105, 248948, 247676, 3]"
sample_0282,spk_0036,England English,common_voice_en_17757054.mp3,The hail pattered on the burnt brown grass.,冰雹拍打着烧焦的棕色草地。,冰雹在烧焦的棕色草地上<unk>.,greedy_block_unk,冰雹在烧焦的棕色草地上<unk>.,2.1686924580000095,3.912,18,0,True,"[3, 256016, 247661, 251541, 255109, 248408, 252623, 251896, 248016, 253461, 249633, 250865, 214311, 249371, 2105, 248948, 247676, 3]"
sample_0282,spk_0036,England English,common_voice_en_17757054.mp3,The hail pattered on the burnt brown grass.,冰雹拍打着烧焦的棕色草地。,冰雹在烧焦的棕色草地上<unk>.,beam5,冰<unk>在烧焦的棕色草地上<unk>.,3.723369958999996,3.912,20,0,True,"[3, 256016, 247661, 251541, 249371, 2105, 248948, 248408, 252623, 251896, 248016, 253461, 249633, 250865, 214311, 249371, 2105, 248948, 247676, 3]"
sample_0282,spk_0036,England English,common_voice_en_17757054.mp3,The hail pattered on the burnt brown grass.,冰雹拍打着烧焦的棕色草地。,冰雹在烧焦的棕色草地上<unk>.,beam5_block_unk,冰<unk>在烧焦的棕色草地上<unk>.,3.6526767080000013,3.912,20,0,True,"[3, 256016, 247661, 251541, 249371, 2105, 248948, 248408, 252623, 251896, 248016, 253461, 249633, 250865, 214311, 249371, 2105, 248948, 247676, 3]"
sample_0441,spk_1294,England English,common_voice_en_18080473.mp3,"Roll the dice, please.",请掷骰子。,"投<unk>子,请.",baseline_greedy,"投<unk>子,请.",1.404474042000004,2.664,12,0,True,"[3, 256016, 247661, 249782, 249371, 2105, 248948, 249036, 247681, 250164, 247676, 3]"
sample_0441,spk_1294,England English,common_voice_en_18080473.mp3,"Roll the dice, please.",请掷骰子。,"投<unk>子,请.",greedy_block_unk,"投<unk>子,请.",1.3910493749999944,2.664,12,0,True,"[3, 256016, 247661, 249782, 249371, 2105, 248948, 249036, 247681, 250164, 247676, 3]"
sample_0441,spk_1294,England English,common_voice_en_18080473.mp3,"Roll the dice, please.",请掷骰子。,"投<unk>子,请.",beam5,"投<unk>子,请.",2.4451850419999914,2.664,12,0,True,"[3, 256016, 247661, 249782, 249371, 2105, 248948, 249036, 247681, 250164, 247676, 3]"
sample_0441,spk_1294,England English,common_voice_en_18080473.mp3,"Roll the dice, please.",请掷骰子。,"投<unk>子,请.",beam5_block_unk,"投<unk>子,请.",2.3751465410000208,2.664,12,0,True,"[3, 256016, 247661, 249782, 249371, 2105, 248948, 249036, 247681, 250164, 247676, 3]"
sample_0653,spk_0825,Filipino,common_voice_en_13476.mp3,"Grime, rust and residual particles polluted the air.",尘垢、铁锈和残留的微粒污染了空气。,"污垢,<unk>和残留的粒子污染了空气.",baseline_greedy,"污垢,<unk>和残留的粒子污染了空气.",2.2196144170000025,6.816,20,0,True,"[3, 256016, 247661, 251902, 254272, 247681, 249371, 2105, 248948, 248582, 250868, 250376, 248016, 252237, 249036, 149526, 248685, 173000, 247676, 3]"
sample_0653,spk_0825,Filipino,common_voice_en_13476.mp3,"Grime, rust and residual particles polluted the air.",尘垢、铁锈和残留的微粒污染了空气。,"污垢,<unk>和残留的粒子污染了空气.",greedy_block_unk,"污垢,<unk>和残留的粒子污染了空气.",2.8889686670000003,6.816,20,0,True,"[3, 256016, 247661, 251902, 254272, 247681, 249371, 2105, 248948, 248582, 250868, 250376, 248016, 252237, 249036, 149526, 248685, 173000, 247676, 3]"
sample_0653,spk_0825,Filipino,common_voice_en_13476.mp3,"Grime, rust and residual particles polluted the air.",尘垢、铁锈和残留的微粒污染了空气。,"污垢,<unk>和残留的粒子污染了空气.",beam5,"污垢,<unk>和残留的粒子污染了空气.",4.522944457999984,6.816,20,0,True,"[3, 256016, 247661, 251902, 254272, 247681, 249371, 2105, 248948, 248582, 250868, 250376, 248016, 252237, 249036, 149526, 248685, 173000, 247676, 3]"
sample_0653,spk_0825,Filipino,common_voice_en_13476.mp3,"Grime, rust and residual particles polluted the air.",尘垢、铁锈和残留的微粒污染了空气。,"污垢,<unk>和残留的粒子污染了空气.",beam5_block_unk,"污垢,<unk>和残留的粒子污染了空气.",4.096352332999999,6.816,20,0,True,"[3, 256016, 247661, 251902, 254272, 247681, 249371, 2105, 248948, 248582, 250868, 250376, 248016, 252237, 249036, 149526, 248685, 173000, 247676, 3]"
sample_0731,spk_1497,Filipino,common_voice_en_20040334.mp3,A little scrambling is required for access.,访问需要加一些扰码。,需要一点<unk>密才能进入.,baseline_greedy,需要一点<unk>密才能进入.,1.480583375000009,3.576,12,0,True,"[3, 256016, 184686, 183396, 249371, 2105, 248948, 250217, 65985, 58218, 247676, 3]"
sample_0731,spk_1497,Filipino,common_voice_en_20040334.mp3,A little scrambling is required for access.,访问需要加一些扰码。,需要一点<unk>密才能进入.,greedy_block_unk,需要一点<unk>密才能进入.,1.475744375000005,3.576,12,0,True,"[3, 256016, 184686, 183396, 249371, 2105, 248948, 250217, 65985, 58218, 247676, 3]"
sample_0731,spk_1497,Filipino,common_voice_en_20040334.mp3,A little scrambling is required for access.,访问需要加一些扰码。,需要一点<unk>密才能进入.,beam5,需要稍微<unk>密才能访问.,2.4979622909999932,3.576,13,0,True,"[3, 256016, 184686, 253112, 250761, 249371, 2105, 248948, 250217, 65985, 85671, 247676, 3]"
sample_0731,spk_1497,Filipino,common_voice_en_20040334.mp3,A little scrambling is required for access.,访问需要加一些扰码。,需要一点<unk>密才能进入.,beam5_block_unk,需要稍微<unk>密才能访问.,2.3937121669999897,3.576,13,0,True,"[3, 256016, 184686, 253112, 250761, 249371, 2105, 248948, 250217, 65985, 85671, 247676, 3]"
sample_0826,spk_1303,Filipino,common_voice_en_124012.mp3,"The Englishman prodded him, and the boy asked her about the man who cured people's illnesses.",英国人戳了他一下，男孩就问她是谁治好了人们的病。,"这位英国人<unk>了他,男孩问她关于治愈人们疾病的人.",baseline_greedy,"这位英国人<unk>了他,男孩问她关于治愈人们疾病的人.",2.4500314160000016,7.68,21,0,True,"[3, 256016, 218741, 35342, 248455, 249371, 2105, 248948, 243230, 247681, 140212, 249532, 249546, 22731, 249764, 252899, 54563, 77404, 10867, 247676, 3]"
sample_0826,spk_1303,Filipino,common_voice_en_124012.mp3,"The Englishman prodded him, and the boy asked her about the man who cured people's illnesses.",英国人戳了他一下，男孩就问她是谁治好了人们的病。,"这位英国人<unk>了他,男孩问她关于治愈人们疾病的人.",greedy_block_unk,"这位英国人<unk>了他,男孩问她关于治愈人们疾病的人.",2.507093999999995,7.68,21,0,True,"[3, 256016, 218741, 35342, 248455, 249371, 2105, 248948, 243230, 247681, 140212, 249532, 249546, 22731, 249764, 252899, 54563, 77404, 10867, 247676, 3]"
sample_0826,spk_1303,Filipino,common_voice_en_124012.mp3,"The Englishman prodded him, and the boy asked her about the man who cured people's illnesses.",英国人戳了他一下，男孩就问她是谁治好了人们的病。,"这位英国人<unk>了他,男孩问她关于治愈人们疾病的人.",beam5,"这位英国人<unk>了他,男孩问她关于治愈人们疾病的人.",4.146767750000009,7.68,21,0,True,"[3, 256016, 218741, 35342, 248455, 249371, 2105, 248948, 243230, 247681, 140212, 249532, 249546, 22731, 249764, 252899, 54563, 77404, 10867, 247676, 3]"
sample_0826,spk_1303,Filipino,common_voice_en_124012.mp3,"The Englishman prodded him, and the boy asked her about the man who cured people's illnesses.",英国人戳了他一下，男孩就问她是谁治好了人们的病。,"这位英国人<unk>了他,男孩问她关于治愈人们疾病的人.",beam5_block_unk,"这位英国人<unk>了他,男孩问她关于治愈人们疾病的人.",4.151701583000005,7.68,21,0,True,"[3, 256016, 218741, 35342, 248455, 249371, 2105, 248948, 243230, 247681, 140212, 249532, 249546, 22731, 249764, 252899, 54563, 77404, 10867, 247676, 3]"
sample_0905,spk_1356,Filipino,common_voice_en_44721.mp3,"They walked in from the rain, all dishevelled and steaming.",他们从雨中走了进来，衣冠不整，浑身湿透。,"他们从雨中走进来, 所有的<unk>乱和蒸汽.",baseline_greedy,"他们从雨中走进来, 所有的<unk>乱和蒸汽.",1.953311833000015,3.456,21,0,True,"[3, 256016, 33624, 249613, 251363, 248618, 250118, 249294, 249007, 247681, 247661, 73146, 249371, 2105, 248948, 251886, 248582, 252812, 250844, 247676, 3]"
sample_0905,spk_1356,Filipino,common_voice_en_44721.mp3,"They walked in from the rain, all dishevelled and steaming.",他们从雨中走了进来，衣冠不整，浑身湿透。,"他们从雨中走进来, 所有的<unk>乱和蒸汽.",greedy_block_unk,"他们从雨中走进来, 所有的<unk>乱和蒸汽.",2.0439737910000133,3.456,21,0,True,"[3, 256016, 33624, 249613, 251363, 248618, 250118, 249294, 249007, 247681, 247661, 73146, 249371, 2105, 248948, 251886, 248582, 252812, 250844, 247676, 3]"
sample_0905,spk_1356,Filipino,common_voice_en_44721.mp3,"They walked in from the rain, all dishevelled and steaming.",他们从雨中走了进来，衣冠不整，浑身湿透。,"他们从雨中走进来, 所有的<unk>乱和蒸汽.",beam5,"他们从雨中走进来, 所有的<unk>乱和蒸汽.",3.710009083000017,3.456,21,0,True,"[3, 256016, 33624, 249613, 251363, 248618, 250118, 249294, 249007, 247681, 247661, 73146, 249371, 2105, 248948, 251886, 248582, 252812, 250844, 247676, 3]"
sample_0905,spk_1356,Filipino,common_voice_en_44721.mp3,"They walked in from the rain, all dishevelled and steaming.",他们从雨中走了进来，衣冠不整，浑身湿透。,"他们从雨中走进来, 所有的<unk>乱和蒸汽.",beam5_block_unk,"他们从雨中走进来, 所有的<unk>乱和蒸汽.",3.728103833000006,3.456,21,0,True,"[3, 256016, 33624, 249613, 251363, 248618, 250118, 249294, 249007, 247681, 247661, 73146, 249371, 2105, 248948, 251886, 248582, 252812, 250844, 247676, 3]"
sample_0965,spk_0513,Filipino,common_voice_en_18336203.mp3,"You were looking squeamish this afternoon, he began.",他说着，你今天下午看起来很邋遢。,"他开始说,今天下午你看起来很<unk>.",baseline_greedy,"他开始说,你今天下午看起来很<unk>.",1.708088416999999,4.32,16,0,True,"[3, 256016, 4372, 24205, 249368, 247681, 248894, 55819, 19675, 169449, 249315, 249371, 2105, 248948, 247676, 3]"
sample_0965,spk_0513,Filipino,common_voice_en_18336203.mp3,"You were looking squeamish this afternoon, he began.",他说着，你今天下午看起来很邋遢。,"他开始说,今天下午你看起来很<unk>.",greedy_block_unk,"他开始说,你今天下午看起来很<unk>.",1.725248625000006,4.32,16,0,True,"[3, 256016, 4372, 24205, 249368, 247681, 248894, 55819, 19675, 169449, 249315, 249371, 2105, 248948, 247676, 3]"
sample_0965,spk_0513,Filipino,common_voice_en_18336203.mp3,"You were looking squeamish this afternoon, he began.",他说着，你今天下午看起来很邋遢。,"他开始说,今天下午你看起来很<unk>.",beam5,"你今天下午看起来很<unk>,他开始.",2.9308070000000157,4.32,15,0,True,"[3, 256016, 15079, 55819, 19675, 169449, 249315, 249371, 2105, 248948, 247681, 248575, 24205, 247676, 3]"
sample_0965,spk_0513,Filipino,common_voice_en_18336203.mp3,"You were looking squeamish this afternoon, he began.",他说着，你今天下午看起来很邋遢。,"他开始说,今天下午你看起来很<unk>.",beam5_block_unk,"你今天下午看起来很<unk>,他开始.",2.87405183300001,4.32,15,0,True,"[3, 256016, 15079, 55819, 19675, 169449, 249315, 249371, 2105, 248948, 247681, 248575, 24205, 247676, 3]"
sample_1253,spk_1043,Hong Kong English,common_voice_en_17808893.mp3,The cleat sank deeply into the soft turf.,桩子深深地沉入软草地里。,草<unk>沉入了柔软的草地.,baseline_greedy,草<unk>沉入了柔软的草地.,1.7045841669999788,3.696,17,0,True,"[3, 256016, 247661, 250865, 249371, 2105, 248948, 252006, 249141, 248685, 252478, 250881, 248016, 250865, 248873, 247676, 3]"
sample_1253,spk_1043,Hong Kong English,common_voice_en_17808893.mp3,The cleat sank deeply into the soft turf.,桩子深深地沉入软草地里。,草<unk>沉入了柔软的草地.,greedy_block_unk,草<unk>沉入了柔软的草地.,1.761284915999994,3.696,17,0,True,"[3, 256016, 247661, 250865, 249371, 2105, 248948, 252006, 249141, 248685, 252478, 250881, 248016, 250865, 248873, 247676, 3]"
sample_1253,spk_1043,Hong Kong English,common_voice_en_17808893.mp3,The cleat sank deeply into the soft turf.,桩子深深地沉入软草地里。,草<unk>沉入了柔软的草地.,beam5,<unk>子深深地沉入了柔软的草地上.,3.5054719590000047,3.696,19,0,True,"[3, 256016, 9614, 2105, 248948, 249036, 250303, 250303, 248873, 252006, 249141, 248685, 252478, 250881, 248016, 250865, 214311, 247676, 3]"
sample_1253,spk_1043,Hong Kong English,common_voice_en_17808893.mp3,The cleat sank deeply into the soft turf.,桩子深深地沉入软草地里。,草<unk>沉入了柔软的草地.,beam5_block_unk,<unk>子深深地沉入了柔软的草地上.,3.561520291999983,3.696,19,0,True,"[3, 256016, 9614, 2105, 248948, 249036, 250303, 250303, 248873, 252006, 249141, 248685, 252478, 250881, 248016, 250865, 214311, 247676, 3]"
sample_1265,spk_1314,Hong Kong English,common_voice_en_558075.mp3,My shampoo is made from coconut and sweet almond.,我的洗发水由椰子和甜杏仁制成。,我的洗发水是用<unk>子和甜杏仁制成的,baseline_greedy,我的洗发水是用<unk>子和甜杏仁制成的,1.8751837080000087,3.72,20,0,True,"[3, 256016, 87003, 251342, 249043, 249614, 248402, 248801, 249371, 2105, 248948, 249036, 248582, 252339, 253037, 252468, 249344, 248839, 248016, 3]"
sample_1265,spk_1314,Hong Kong English,common_voice_en_558075.mp3,My shampoo is made from coconut and sweet almond.,我的洗发水由椰子和甜杏仁制成。,我的洗发水是用<unk>子和甜杏仁制成的,greedy_block_unk,我的洗发水是用<unk>子和甜杏仁制成的,1.9146769170000084,3.72,20,0,True,"[3, 256016, 87003, 251342, 249043, 249614, 248402, 248801, 249371, 2105, 248948, 249036, 248582, 252339, 253037, 252468, 249344, 248839, 248016, 3]"
sample_1265,spk_1314,Hong Kong English,common_voice_en_558075.mp3,My shampoo is made from coconut and sweet almond.,我的洗发水由椰子和甜杏仁制成。,我的洗发水是用<unk>子和甜杏仁制成的,beam5,我的洗发水是用<unk>子和甜杏仁制成的,3.496322332999995,3.72,20,0,True,"[3, 256016, 87003, 251342, 249043, 249614, 248402, 248801, 249371, 2105, 248948, 249036, 248582, 252339, 253037, 252468, 249344, 248839, 248016, 3]"
sample_1265,spk_1314,Hong Kong English,common_voice_en_558075.mp3,My shampoo is made from coconut and sweet almond.,我的洗发水由椰子和甜杏仁制成。,我的洗发水是用<unk>子和甜杏仁制成的,beam5_block_unk,我的洗发水是用<unk>子和甜杏仁制成的,3.574833749999982,3.72,20,0,True,"[3, 256016, 87003, 251342, 249043, 249614, 248402, 248801, 249371, 2105, 248948, 249036, 248582, 252339, 253037, 252468, 249344, 248839, 248016, 3]"
sample_1383,spk_1043,Hong Kong English,common_voice_en_17782198.mp3,"If you want a sandwich, don't hesitate grabbing one.",如果你想要一个三明治，不要犹豫，抓住一个。,"如果你想要一个三明治,不要犹<unk>抓住一个.",baseline_greedy,"如果你想要一个三明治,不要犹<unk>抓住一个.",1.9631494580000037,3.144,19,0,True,"[3, 256016, 50525, 44723, 5085, 249271, 249355, 249764, 247681, 56399, 252423, 249371, 2105, 248948, 252438, 249791, 5085, 247676, 3]"
sample_1383,spk_1043,Hong Kong English,common_voice_en_17782198.mp3,"If you want a sandwich, don't hesitate grabbing one.",如果你想要一个三明治，不要犹豫，抓住一个。,"如果你想要一个三明治,不要犹<unk>抓住一个.",greedy_block_unk,"如果你想要一个三明治,不要犹<unk>抓住一个.",1.8597200420000206,3.144,19,0,True,"[3, 256016, 50525, 44723, 5085, 249271, 249355, 249764, 247681, 56399, 252423, 249371, 2105, 248948, 252438, 249791, 5085, 247676, 3]"
sample_1383,spk_1043,Hong Kong English,common_voice_en_17782198.mp3,"If you want a sandwich, don't hesitate grabbing one.",如果你想要一个三明治，不要犹豫，抓住一个。,"如果你想要一个三明治,不要犹<unk>抓住一个.",beam5,"如果你想要一个三明治,不要犹<unk>抓住一个.",3.578060583000024,3.144,19,0,True,"[3, 256016, 50525, 44723, 5085, 249271, 249355, 249764, 247681, 56399, 252423, 249371, 2105, 248948, 252438, 249791, 5085, 247676, 3]"
sample_1383,spk_1043,Hong Kong English,common_voice_en_17782198.mp3,"If you want a sandwich, don't hesitate grabbing one.",如果你想要一个三明治，不要犹豫，抓住一个。,"如果你想要一个三明治,不要犹<unk>抓住一个.",beam5_block_unk,"如果你想要一个三明治,不要犹<unk>抓住一个.",3.343769334000001,3.144,19,0,True,"[3, 256016, 50525, 44723, 5085, 249271, 249355, 249764, 247681, 56399, 252423, 249371, 2105, 248948, 252438, 249791, 5085, 247676, 3]"
sample_1555,spk_1218,Hong Kong English,common_voice_en_189557.mp3,I bet you forgot the wine!,我打赌你忘了酒！,我敢打<unk>你忘了葡萄酒!,baseline_greedy,我敢打<unk>你忘了葡萄酒!,1.4529801669999927,1.896,15,0,True,"[3, 256016, 3742, 252196, 249564, 249371, 2105, 248948, 248894, 251376, 248685, 95091, 250249, 248054, 3]"
sample_1555,spk_1218,Hong Kong English,common_voice_en_189557.mp3,I bet you forgot the wine!,我打赌你忘了酒！,我敢打<unk>你忘了葡萄酒!,greedy_block_unk,我敢打<unk>你忘了葡萄酒!,1.4574997910000036,1.896,15,0,True,"[3, 256016, 3742, 252196, 249564, 249371, 2105, 248948, 248894, 251376, 248685, 95091, 250249, 248054, 3]"
sample_1555,spk_1218,Hong Kong English,common_voice_en_189557.mp3,I bet you forgot the wine!,我打赌你忘了酒！,我敢打<unk>你忘了葡萄酒!,beam5,我敢打<unk>你忘了葡萄酒!,2.657257874999999,1.896,15,0,True,"[3, 256016, 3742, 252196, 249564, 249371, 2105, 248948, 248894, 251376, 248685, 95091, 250249, 248054, 3]"
sample_1555,spk_1218,Hong Kong English,common_voice_en_189557.mp3,I bet you forgot the wine!,我打赌你忘了酒！,我敢打<unk>你忘了葡萄酒!,beam5_block_unk,我敢打<unk>你忘了葡萄酒!,2.6363006670000004,1.896,15,0,True,"[3, 256016, 3742, 252196, 249564, 249371, 2105, 248948, 248894, 251376, 248685, 95091, 250249, 248054, 3]"
sample_1731,spk_0294,Hong Kong English,common_voice_en_100351.mp3,My roommate’s boyfriend is taking up two shelves of fridge space with his beer.,我室友的男朋友的啤酒占据了冰箱的两格空间。,我室友的男朋友用他的<unk>酒占据了冰箱的两个架子.,baseline_greedy,我室友的男朋友用他的<unk>酒占据了两个冰箱的空间.,2.3588653749999935,6.552,24,0,True,"[3, 256016, 3742, 250159, 249950, 248016, 249824, 36947, 248801, 20103, 249371, 2105, 248948, 250249, 250781, 249693, 248685, 46043, 251541, 251460, 248016, 74978, 247676, 3]"
sample_1731,spk_0294,Hong Kong English,common_voice_en_100351.mp3,My roommate’s boyfriend is taking up two shelves of fridge space with his beer.,我室友的男朋友的啤酒占据了冰箱的两格空间。,我室友的男朋友用他的<unk>酒占据了冰箱的两个架子.,greedy_block_unk,我室友的男朋友用他的<unk>酒占据了两个冰箱的空间.,2.3974307910000334,6.552,24,0,True,"[3, 256016, 3742, 250159, 249950, 248016, 249824, 36947, 248801, 20103, 249371, 2105, 248948, 250249, 250781, 249693, 248685, 46043, 251541, 251460, 248016, 74978, 247676, 3]"
sample_1731,spk_0294,Hong Kong English,common_voice_en_100351.mp3,My roommate’s boyfriend is taking up two shelves of fridge space with his beer.,我室友的男朋友的啤酒占据了冰箱的两格空间。,我室友的男朋友用他的<unk>酒占据了冰箱的两个架子.,beam5,我的室友的男朋友用他的<unk>酒占据了冰箱的两个架子.,4.370595250000008,6.552,25,0,True,"[3, 256016, 87003, 250159, 249950, 248016, 249824, 36947, 248801, 20103, 249371, 2105, 248948, 250249, 250781, 249693, 248685, 251541, 251460, 248016, 46043, 250772, 249036, 247676, 3]"
sample_1731,spk_0294,Hong Kong English,common_voice_en_100351.mp3,My roommate’s boyfriend is taking up two shelves of fridge space with his beer.,我室友的男朋友的啤酒占据了冰箱的两格空间。,我室友的男朋友用他的<unk>酒占据了冰箱的两个架子.,beam5_block_unk,我的室友的男朋友用他的<unk>酒占据了冰箱的两个架子.,4.392878415999974,6.552,25,0,True,"[3, 256016, 87003, 250159, 249950, 248016, 249824, 36947, 248801, 20103, 249371, 2105, 248948, 250249, 250781, 249693, 248685, 251541, 251460, 248016, 46043, 250772, 249036, 247676, 3]"
sample_1864,spk_0256,"India and South Asia (India, Pakistan, Sri Lanka)",common_voice_en_17375818.mp3,"The diver forced open the oyster, revealing a shimmering pearl.",潜水员强行打开牡蛎，露出一颗闪闪发光的珍珠。,"这位潜水员强行打开了<unk>,发现了一颗闪闪发光的珍珠.",baseline_greedy,"这位潜水员强行打开了<unk>,发现了一颗闪闪发光的珍珠.",2.361816082999951,5.064,26,0,True,"[3, 256016, 218741, 251550, 249614, 249189, 249968, 248719, 205782, 248685, 249371, 2105, 248948, 247681, 37034, 25497, 252810, 253222, 253222, 249043, 250004, 248016, 251947, 252052, 247676, 3]"
sample_1864,spk_0256,"India and South Asia (India, Pakistan, Sri Lanka)",common_voice_en_17375818.mp3,"The diver forced open the oyster, revealing a shimmering pearl.",潜水员强行打开牡蛎，露出一颗闪闪发光的珍珠。,"这位潜水员强行打开了<unk>,发现了一颗闪闪发光的珍珠.",greedy_block_unk,"这位潜水员强行打开了<unk>,发现了一颗闪闪发光的珍珠.",2.3329668330000004,5.064,26,0,True,"[3, 256016, 218741, 251550, 249614, 249189, 249968, 248719, 205782, 248685, 249371, 2105, 248948, 247681, 37034, 25497, 252810, 253222, 253222, 249043, 250004, 248016, 251947, 252052, 247676, 3]"
sample_1864,spk_0256,"India and South Asia (India, Pakistan, Sri Lanka)",common_voice_en_17375818.mp3,"The diver forced open the oyster, revealing a shimmering pearl.",潜水员强行打开牡蛎，露出一颗闪闪发光的珍珠。,"这位潜水员强行打开了<unk>,发现了一颗闪闪发光的珍珠.",beam5,"这位潜水员强行打开了<unk>,发现了一颗闪闪发光的珍珠.",4.615895500000022,5.064,26,0,True,"[3, 256016, 218741, 251550, 249614, 249189, 249968, 248719, 205782, 248685, 249371, 2105, 248948, 247681, 37034, 25497, 252810, 253222, 253222, 249043, 250004, 248016, 251947, 252052, 247676, 3]"
sample_1864,spk_0256,"India and South Asia (India, Pakistan, Sri Lanka)",common_voice_en_17375818.mp3,"The diver forced open the oyster, revealing a shimmering pearl.",潜水员强行打开牡蛎，露出一颗闪闪发光的珍珠。,"这位潜水员强行打开了<unk>,发现了一颗闪闪发光的珍珠.",beam5_block_unk,"这位潜水员强行打开了<unk>,发现了一颗闪闪发光的珍珠.",4.645232832999966,5.064,26,0,True,"[3, 256016, 218741, 251550, 249614, 249189, 249968, 248719, 205782, 248685, 249371, 2105, 248948, 247681, 37034, 25497, 252810, 253222, 253222, 249043, 250004, 248016, 251947, 252052, 247676, 3]"
sample_2041,spk_1573,"India and South Asia (India, Pakistan, Sri Lanka)",common_voice_en_19810915.mp3,The band's sound is distinctive due to the powerful vocals of singer Sonia Pineault.,乐队的声音因歌手 Sonia Pineault 的强劲嗓音而与众不同。,"乐队的声音是独特的,因为歌手索尼<unk>·皮内尔的强大声乐.",baseline_greedy,"乐队的声音是独特的,因为歌手索尼<unk>·皮内尔的强大声乐.",2.534619125000006,5.904,28,0,True,"[3, 256016, 247661, 140970, 248016, 155835, 248402, 250482, 159254, 247681, 18551, 53894, 250477, 249814, 249371, 2105, 248948, 248990, 250942, 249438, 249683, 248016, 249968, 248599, 250549, 249734, 247676, 3]"
sample_2041,spk_1573,"India and South Asia (India, Pakistan, Sri Lanka)",common_voice_en_19810915.mp3,The band's sound is distinctive due to the powerful vocals of singer Sonia Pineault.,乐队的声音因歌手 Sonia Pineault 的强劲嗓音而与众不同。,"乐队的声音是独特的,因为歌手索尼<unk>·皮内尔的强大声乐.",greedy_block_unk,"乐队的声音是独特的,因为歌手索尼<unk>·皮内尔的强大声乐.",2.5760088339999925,5.904,28,0,True,"[3, 256016, 247661, 140970, 248016, 155835, 248402, 250482, 159254, 247681, 18551, 53894, 250477, 249814, 249371, 2105, 248948, 248990, 250942, 249438, 249683, 248016, 249968, 248599, 250549, 249734, 247676, 3]"
sample_2041,spk_1573,"India and South Asia (India, Pakistan, Sri Lanka)",common_voice_en_19810915.mp3,The band's sound is distinctive due to the powerful vocals of singer Sonia Pineault.,乐队的声音因歌手 Sonia Pineault 的强劲嗓音而与众不同。,"乐队的声音是独特的,因为歌手索尼<unk>·皮内尔的强大声乐.",beam5,"乐队的声音是独特的,因为歌手索尼<unk>·皮内尔的强大声乐.",4.764161833000003,5.904,28,0,True,"[3, 256016, 247661, 140970, 248016, 155835, 248402, 250482, 159254, 247681, 18551, 53894, 250477, 249814, 249371, 2105, 248948, 248990, 250942, 249438, 249683, 248016, 249968, 248599, 250549, 249734, 247676, 3]"
sample_2041,spk_1573,"India and South Asia (India, Pakistan, Sri Lanka)",common_voice_en_19810915.mp3,The band's sound is distinctive due to the powerful vocals of singer Sonia Pineault.,乐队的声音因歌手 Sonia Pineault 的强劲嗓音而与众不同。,"乐队的声音是独特的,因为歌手索尼<unk>·皮内尔的强大声乐.",beam5_block_unk,"乐队的声音是独特的,因为歌手索尼<unk>·皮内尔的强大声乐.",4.787975332999963,5.904,28,0,True,"[3, 256016, 247661, 140970, 248016, 155835, 248402, 250482, 159254, 247681, 18551, 53894, 250477, 249814, 249371, 2105, 248948, 248990, 250942, 249438, 249683, 248016, 249968, 248599, 250549, 249734, 247676, 3]"
sample_2061,spk_1464,"India and South Asia (India, Pakistan, Sri Lanka)",common_voice_en_17286660.mp3,"To find out the exact threshold, we need to repeat this in a reproducible manner.",为了找出确切的阈值，我们需要以可重复的方式重复此过程。,"为了找出确切的<unk>值, 我们需要以可重复的方式重复.",baseline_greedy,"为了找出确切的<unk>值, 我们需要以可重复的方式重复.",2.1396001250000154,5.376,22,0,True,"[3, 256016, 74456, 250211, 248761, 249865, 249899, 248016, 249371, 2105, 248948, 250033, 247681, 19704, 12176, 248678, 248812, 246656, 61228, 246656, 247676, 3]"
sample_2061,spk_1464,"India and South Asia (India, Pakistan, Sri Lanka)",common_voice_en_17286660.mp3,"To find out the exact threshold, we need to repeat this in a reproducible manner.",为了找出确切的阈值，我们需要以可重复的方式重复此过程。,"为了找出确切的<unk>值, 我们需要以可重复的方式重复.",greedy_block_unk,"为了找出确切的<unk>值, 我们需要以可重复的方式重复.",2.1377811250000036,5.376,22,0,True,"[3, 256016, 74456, 250211, 248761, 249865, 249899, 248016, 249371, 2105, 248948, 250033, 247681, 19704, 12176, 248678, 248812, 246656, 61228, 246656, 247676, 3]"
sample_2061,spk_1464,"India and South Asia (India, Pakistan, Sri Lanka)",common_voice_en_17286660.mp3,"To find out the exact threshold, we need to repeat this in a reproducible manner.",为了找出确切的阈值，我们需要以可重复的方式重复此过程。,"为了找出确切的<unk>值, 我们需要以可重复的方式重复.",beam5,"为了找出确切的<unk>值, 我们需要以可复制的方式重复这一点.",4.150274791000015,5.376,24,0,True,"[3, 256016, 74456, 250211, 248761, 249865, 249899, 248016, 249371, 2105, 248948, 250033, 247681, 19704, 12176, 248678, 248812, 250328, 249344, 61228, 246656, 126238, 247676, 3]"
sample_2061,spk_1464,"India and South Asia (India, Pakistan, Sri Lanka)",common_voice_en_17286660.mp3,"To find out the exact threshold, we need to repeat this in a reproducible manner.",为了找出确切的阈值，我们需要以可重复的方式重复此过程。,"为了找出确切的<unk>值, 我们需要以可重复的方式重复.",beam5_block_unk,"为了找出确切的<unk>值, 我们需要以可复制的方式重复这一点.",4.154187250000007,5.376,24,0,True,"[3, 256016, 74456, 250211, 248761, 249865, 249899, 248016, 249371, 2105, 248948, 250033, 247681, 19704, 12176, 248678, 248812, 250328, 249344, 61228, 246656, 126238, 247676, 3]"
sample_2093,spk_0819,"India and South Asia (India, Pakistan, Sri Lanka)",common_voice_en_1868987.mp3,"Doves sprouted, then escaped from various oversized pockets, some trailing handkerchiefs or bunting.",鸽子涌现而出，然后从各种超大的口袋力逃出来，一些嘴里叼着手帕或彩布。,"<unk>子<unk>芽,然后从各种超大的口袋里逃脱, 有些拖着手帕或<unk>.",baseline_greedy,"<unk>子<unk>芽,然后从各种超大的口袋里逃脱, 有些拖着手帕或<unk>.",2.9845607080000036,6.816,33,0,True,"[3, 256016, 9614, 2105, 248948, 249036, 249371, 2105, 248948, 253792, 247681, 73162, 249613, 57099, 249650, 21087, 249661, 252030, 249184, 251651, 251646, 247681, 96214, 252604, 249783, 249262, 251361, 249241, 249371, 2105, 248948, 247676, 3]"
sample_2093,spk_0819,"India and South Asia (India, Pakistan, Sri Lanka)",common_voice_en_1868987.mp3,"Doves sprouted, then escaped from various oversized pockets, some trailing handkerchiefs or bunting.",鸽子涌现而出，然后从各种超大的口袋力逃出来，一些嘴里叼着手帕或彩布。,"<unk>子<unk>芽,然后从各种超大的口袋里逃脱, 有些拖着手帕或<unk>.",greedy_block_unk,"<unk>子<unk>芽,然后从各种超大的口袋里逃脱, 有些拖着手帕或<unk>.",2.921219915999984,6.816,33,0,True,"[3, 256016, 9614, 2105, 248948, 249036, 249371, 2105, 248948, 253792, 247681, 73162, 249613, 57099, 249650, 21087, 249661, 252030, 249184, 251651, 251646, 247681, 96214, 252604, 249783, 249262, 251361, 249241, 249371, 2105, 248948, 247676, 3]"
sample_2093,spk_0819,"India and South Asia (India, Pakistan, Sri Lanka)",common_voice_en_1868987.mp3,"Doves sprouted, then escaped from various oversized pockets, some trailing handkerchiefs or bunting.",鸽子涌现而出，然后从各种超大的口袋力逃出来，一些嘴里叼着手帕或彩布。,"<unk>子<unk>芽,然后从各种超大的口袋里逃脱, 有些拖着手帕或<unk>.",beam5,"<unk>子<unk>芽,然后从各种超大的口袋里逃脱, 有些拖着手帕或<unk>.",5.6296024590000115,6.816,33,0,True,"[3, 256016, 9614, 2105, 248948, 249036, 249371, 2105, 248948, 253792, 247681, 73162, 249613, 57099, 249650, 21087, 249661, 252030, 249184, 251651, 251646, 247681, 96214, 252604, 249783, 249262, 251361, 249241, 249371, 2105, 248948, 247676, 3]"
sample_2093,spk_0819,"India and South Asia (India, Pakistan, Sri Lanka)",common_voice_en_1868987.mp3,"Doves sprouted, then escaped from various oversized pockets, some trailing handkerchiefs or bunting.",鸽子涌现而出，然后从各种超大的口袋力逃出来，一些嘴里叼着手帕或彩布。,"<unk>子<unk>芽,然后从各种超大的口袋里逃脱, 有些拖着手帕或<unk>.",beam5_block_unk,"<unk>子<unk>芽,然后从各种超大的口袋里逃脱, 有些拖着手帕或<unk>.",5.625266291000003,6.816,33,0,True,"[3, 256016, 9614, 2105, 248948, 249036, 249371, 2105, 248948, 253792, 247681, 73162, 249613, 57099, 249650, 21087, 249661, 252030, 249184, 251651, 251646, 247681, 96214, 252604, 249783, 249262, 251361, 249241, 249371, 2105, 248948, 247676, 3]"
sample_2176,spk_1040,"India and South Asia (India, Pakistan, Sri Lanka)",common_voice_en_666818.mp3,The flock of flamingos landed gracefully on their awkward looking legs.,一群火烈鸟优雅地落在它们笨拙的腿上。,这群火<unk>鸟在它们<unk>拙的腿上优雅地降落.,baseline_greedy,这群火<unk>鸟在它们<unk>拙的腿上优雅地降落.,2.316900541999985,5.304,25,0,True,"[3, 256016, 7068, 250529, 250269, 249371, 2105, 248948, 253026, 248408, 39741, 249371, 2105, 248948, 254425, 248016, 252654, 248708, 250708, 251244, 248873, 250586, 250331, 247676, 3]"
sample_2176,spk_1040,"India and South Asia (India, Pakistan, Sri Lanka)",common_voice_en_666818.mp3,The flock of flamingos landed gracefully on their awkward looking legs.,一群火烈鸟优雅地落在它们笨拙的腿上。,这群火<unk>鸟在它们<unk>拙的腿上优雅地降落.,greedy_block_unk,这群火<unk>鸟在它们<unk>拙的腿上优雅地降落.,2.3440326660000323,5.304,25,0,True,"[3, 256016, 7068, 250529, 250269, 249371, 2105, 248948, 253026, 248408, 39741, 249371, 2105, 248948, 254425, 248016, 252654, 248708, 250708, 251244, 248873, 250586, 250331, 247676, 3]"
sample_2176,spk_1040,"India and South Asia (India, Pakistan, Sri Lanka)",common_voice_en_666818.mp3,The flock of flamingos landed gracefully on their awkward looking legs.,一群火烈鸟优雅地落在它们笨拙的腿上。,这群火<unk>鸟在它们<unk>拙的腿上优雅地降落.,beam5,这群火<unk>鸟在它们<unk>拙的腿上优雅地降落.,4.272025499999984,5.304,25,0,True,"[3, 256016, 7068, 250529, 250269, 249371, 2105, 248948, 253026, 248408, 39741, 249371, 2105, 248948, 254425, 248016, 252654, 248708, 250708, 251244, 248873, 250586, 250331, 247676, 3]"
sample_2176,spk_1040,"India and South Asia (India, Pakistan, Sri Lanka)",common_voice_en_666818.mp3,The flock of flamingos landed gracefully on their awkward looking legs.,一群火烈鸟优雅地落在它们笨拙的腿上。,这群火<unk>鸟在它们<unk>拙的腿上优雅地降落.,beam5_block_unk,这群火<unk>鸟在它们<unk>拙的腿上优雅地降落.,4.297992582999996,5.304,25,0,True,"[3, 256016, 7068, 250529, 250269, 249371, 2105, 248948, 253026, 248408, 39741, 249371, 2105, 248948, 254425, 248016, 252654, 248708, 250708, 251244, 248873, 250586, 250331, 247676, 3]"
sample_2442,spk_0551,Malaysian English,common_voice_en_18330153.mp3,"Youth had come back to her, freed from the yoke of oppression.",青年回到了她身边，摆脱了压迫的束缚。,"她回到了年轻,从压迫的<unk>中解放出来.",baseline_greedy,"她回到了年轻,从压迫的<unk>中解放出来.",1.9978234999999813,5.496,19,0,True,"[3, 256016, 25141, 249491, 38894, 95443, 247681, 249613, 251279, 251106, 248016, 249371, 2105, 248948, 248618, 176400, 57396, 247676, 3]"
sample_2442,spk_0551,Malaysian English,common_voice_en_18330153.mp3,"Youth had come back to her, freed from the yoke of oppression.",青年回到了她身边，摆脱了压迫的束缚。,"她回到了年轻,从压迫的<unk>中解放出来.",greedy_block_unk,"她回到了年轻,从压迫的<unk>中解放出来.",1.964337999999998,5.496,19,0,True,"[3, 256016, 25141, 249491, 38894, 95443, 247681, 249613, 251279, 251106, 248016, 249371, 2105, 248948, 248618, 176400, 57396, 247676, 3]"
sample_2442,spk_0551,Malaysian English,common_voice_en_18330153.mp3,"Youth had come back to her, freed from the yoke of oppression.",青年回到了她身边，摆脱了压迫的束缚。,"她回到了年轻,从压迫的<unk>中解放出来.",beam5,"年轻回来了,从压迫的<unk>中解放出来.",3.7128910840000344,5.496,20,0,True,"[3, 256016, 2304, 250821, 249491, 249007, 248685, 247681, 249613, 251279, 251106, 248016, 249371, 2105, 248948, 248618, 176400, 57396, 247676, 3]"
sample_2442,spk_0551,Malaysian English,common_voice_en_18330153.mp3,"Youth had come back to her, freed from the yoke of oppression.",青年回到了她身边，摆脱了压迫的束缚。,"她回到了年轻,从压迫的<unk>中解放出来.",beam5_block_unk,"年轻回来了,从压迫的<unk>中解放出来.",3.6909036669999864,5.496,20,0,True,"[3, 256016, 2304, 250821, 249491, 249007, 248685, 247681, 249613, 251279, 251106, 248016, 249371, 2105, 248948, 248618, 176400, 57396, 247676, 3]"
sample_2724,spk_0263,Malaysian English,common_voice_en_184404.mp3,"When the carpet and the curtains caught fire, it was getting warm.",当地毯和窗帘着火时，温度逐渐上升。,"当地毯和窗<unk>着火时,天气开始变暖.",baseline_greedy,"当地毯和窗<unk>着火时,天气开始变暖.",2.3269116249999797,8.88,20,0,True,"[3, 256016, 34931, 248873, 253936, 248582, 252224, 249371, 2105, 248948, 249783, 250269, 249039, 247681, 183563, 24205, 249967, 251862, 247676, 3]"
sample_2724,spk_0263,Malaysian English,common_voice_en_184404.mp3,"When the carpet and the curtains caught fire, it was getting warm.",当地毯和窗帘着火时，温度逐渐上升。,"当地毯和窗<unk>着火时,天气开始变暖.",greedy_block_unk,"当地毯和窗<unk>着火时,天气开始变暖.",2.3647327079999627,8.88,20,0,True,"[3, 256016, 34931, 248873, 253936, 248582, 252224, 249371, 2105, 248948, 249783, 250269, 249039, 247681, 183563, 24205, 249967, 251862, 247676, 3]"
sample_2724,spk_0263,Malaysian English,common_voice_en_184404.mp3,"When the carpet and the curtains caught fire, it was getting warm.",当地毯和窗帘着火时，温度逐渐上升。,"当地毯和窗<unk>着火时,天气开始变暖.",beam5,"当地毯和窗<unk>着火时,天气开始变暖.",4.010491458000047,8.88,20,0,True,"[3, 256016, 34931, 248873, 253936, 248582, 252224, 249371, 2105, 248948, 249783, 250269, 249039, 247681, 183563, 24205, 249967, 251862, 247676, 3]"
sample_2724,spk_0263,Malaysian English,common_voice_en_184404.mp3,"When the carpet and the curtains caught fire, it was getting warm.",当地毯和窗帘着火时，温度逐渐上升。,"当地毯和窗<unk>着火时,天气开始变暖.",beam5_block_unk,"当地毯和窗<unk>着火时,天气开始变暖.",4.039691249999976,8.88,20,0,True,"[3, 256016, 34931, 248873, 253936, 248582, 252224, 249371, 2105, 248948, 249783, 250269, 249039, 247681, 183563, 24205, 249967, 251862, 247676, 3]"
sample_2757,spk_1447,Malaysian English,common_voice_en_17252814.mp3,"Hey look, a flying pig!",嘿，看，一只飞猪！,"<unk>,看,一个飞猪!",baseline_greedy,"<unk>,看,一个飞猪!",1.4156791670000075,2.736,13,0,True,"[3, 256016, 9614, 2105, 248948, 247681, 249251, 247681, 5085, 250987, 253034, 248054, 3]"
sample_2757,spk_1447,Malaysian English,common_voice_en_17252814.mp3,"Hey look, a flying pig!",嘿，看，一只飞猪！,"<unk>,看,一个飞猪!",greedy_block_unk,"<unk>,看,一个飞猪!",1.4458959159999836,2.736,13,0,True,"[3, 256016, 9614, 2105, 248948, 247681, 249251, 247681, 5085, 250987, 253034, 248054, 3]"
sample_2757,spk_1447,Malaysian English,common_voice_en_17252814.mp3,"Hey look, a flying pig!",嘿，看，一只飞猪！,"<unk>,看,一个飞猪!",beam5,"<unk>,看看,一个飞猪!",2.4217625420000104,2.736,13,0,True,"[3, 256016, 9614, 2105, 248948, 247681, 59743, 247681, 5085, 250987, 253034, 248054, 3]"
sample_2757,spk_1447,Malaysian English,common_voice_en_17252814.mp3,"Hey look, a flying pig!",嘿，看，一只飞猪！,"<unk>,看,一个飞猪!",beam5_block_unk,"<unk>,看看,一个飞猪!",2.463095167000006,2.736,13,0,True,"[3, 256016, 9614, 2105, 248948, 247681, 59743, 247681, 5085, 250987, 253034, 248054, 3]"
sample_2779,spk_0467,Malaysian English,common_voice_en_18982682.mp3,Forbes was born in Dundee.,《福布斯杂志》诞生于邓迪。,福布斯出生在<unk>迪.,baseline_greedy,福布斯出生在<unk>迪.,1.584093125000038,4.92,13,0,True,"[3, 256016, 97955, 249615, 249019, 15831, 248408, 249371, 2105, 248948, 250766, 247676, 3]"
sample_2779,spk_0467,Malaysian English,common_voice_en_18982682.mp3,Forbes was born in Dundee.,《福布斯杂志》诞生于邓迪。,福布斯出生在<unk>迪.,greedy_block_unk,福布斯出生在<unk>迪.,1.5548938750000048,4.92,13,0,True,"[3, 256016, 97955, 249615, 249019, 15831, 248408, 249371, 2105, 248948, 250766, 247676, 3]"
sample_2779,spk_0467,Malaysian English,common_voice_en_18982682.mp3,Forbes was born in Dundee.,《福布斯杂志》诞生于邓迪。,福布斯出生在<unk>迪.,beam5,福布斯出生在<unk>迪.,2.4529515840000045,4.92,13,0,True,"[3, 256016, 97955, 249615, 249019, 15831, 248408, 249371, 2105, 248948, 250766, 247676, 3]"
sample_2779,spk_0467,Malaysian English,common_voice_en_18982682.mp3,Forbes was born in Dundee.,《福布斯杂志》诞生于邓迪。,福布斯出生在<unk>迪.,beam5_block_unk,福布斯出生在<unk>迪.,2.6275713750000023,4.92,13,0,True,"[3, 256016, 97955, 249615, 249019, 15831, 248408, 249371, 2105, 248948, 250766, 247676, 3]"
sample_2971,spk_0290,Malaysian English,common_voice_en_19118255.mp3,"Linfen has rich mineral resources including coal, iron ore, copper, and lead.",临汾有丰富的煤、铁矿石、铜、铅等矿产资源。,"林芬拥有丰富的矿产资源,包括煤炭,铁矿石,铜和<unk>.",baseline_greedy,"林芬拥有丰富的矿产资源,包括煤炭,铁矿石,铜和<unk>.",2.5695222080000235,7.656,26,0,True,"[3, 256016, 139015, 251962, 48079, 177317, 248016, 252267, 249591, 44397, 247681, 15099, 252789, 252708, 247681, 251609, 252267, 250416, 247681, 253349, 248582, 249371, 2105, 248948, 247676, 3]"
sample_2971,spk_0290,Malaysian English,common_voice_en_19118255.mp3,"Linfen has rich mineral resources including coal, iron ore, copper, and lead.",临汾有丰富的煤、铁矿石、铜、铅等矿产资源。,"林芬拥有丰富的矿产资源,包括煤炭,铁矿石,铜和<unk>.",greedy_block_unk,"林芬拥有丰富的矿产资源,包括煤炭,铁矿石,铜和<unk>.",2.5746362919999797,7.656,26,0,True,"[3, 256016, 139015, 251962, 48079, 177317, 248016, 252267, 249591, 44397, 247681, 15099, 252789, 252708, 247681, 251609, 252267, 250416, 247681, 253349, 248582, 249371, 2105, 248948, 247676, 3]"
sample_2971,spk_0290,Malaysian English,common_voice_en_19118255.mp3,"Linfen has rich mineral resources including coal, iron ore, copper, and lead.",临汾有丰富的煤、铁矿石、铜、铅等矿产资源。,"林芬拥有丰富的矿产资源,包括煤炭,铁矿石,铜和<unk>.",beam5,"林芬拥有丰富的矿产资源,包括煤炭,铁矿石,铜和<unk>.",4.932769375000021,7.656,26,0,True,"[3, 256016, 139015, 251962, 48079, 177317, 248016, 252267, 249591, 44397, 247681, 15099, 252789, 252708, 247681, 251609, 252267, 250416, 247681, 253349, 248582, 249371, 2105, 248948, 247676, 3]"
sample_2971,spk_0290,Malaysian English,common_voice_en_19118255.mp3,"Linfen has rich mineral resources including coal, iron ore, copper, and lead.",临汾有丰富的煤、铁矿石、铜、铅等矿产资源。,"林芬拥有丰富的矿产资源,包括煤炭,铁矿石,铜和<unk>.",beam5_block_unk,"林芬拥有丰富的矿产资源,包括煤炭,铁矿石,铜和<unk>.",5.259862792000035,7.656,26,0,True,"[3, 256016, 139015, 251962, 48079, 177317, 248016, 252267, 249591, 44397, 247681, 15099, 252789, 252708, 247681, 251609, 252267, 250416, 247681, 253349, 248582, 249371, 2105, 248948, 247676, 3]"
sample_3082,spk_0125,"Southern African (South Africa, Zimbabwe, Namibia)",common_voice_en_19181257.mp3,The family lived over Staunton's mother's hair dressing salon.,全家依靠 Staunton 母亲的美发沙龙为生。,这家人住在斯<unk>顿母亲的理发店上方.,baseline_greedy,这家人住在斯<unk>顿母亲的理发店上方.,2.0284376250000378,6.216,19,0,True,"[3, 256016, 7068, 74937, 90753, 249019, 249371, 2105, 248948, 251182, 138383, 248016, 249054, 249043, 249787, 248708, 248903, 247676, 3]"
sample_3082,spk_0125,"Southern African (South Africa, Zimbabwe, Namibia)",common_voice_en_19181257.mp3,The family lived over Staunton's mother's hair dressing salon.,全家依靠 Staunton 母亲的美发沙龙为生。,这家人住在斯<unk>顿母亲的理发店上方.,greedy_block_unk,这家人住在斯<unk>顿母亲的理发店上方.,2.0341820419999976,6.216,19,0,True,"[3, 256016, 7068, 74937, 90753, 249019, 249371, 2105, 248948, 251182, 138383, 248016, 249054, 249043, 249787, 248708, 248903, 247676, 3]"
sample_3082,spk_0125,"Southern African (South Africa, Zimbabwe, Namibia)",common_voice_en_19181257.mp3,The family lived over Staunton's mother's hair dressing salon.,全家依靠 Staunton 母亲的美发沙龙为生。,这家人住在斯<unk>顿母亲的理发店上方.,beam5,这家人住在斯<unk>顿母亲的理发店上方.,3.6113988749999635,6.216,19,0,True,"[3, 256016, 7068, 74937, 90753, 249019, 249371, 2105, 248948, 251182, 138383, 248016, 249054, 249043, 249787, 248708, 248903, 247676, 3]"
sample_3082,spk_0125,"Southern African (South Africa, Zimbabwe, Namibia)",common_voice_en_19181257.mp3,The family lived over Staunton's mother's hair dressing salon.,全家依靠 Staunton 母亲的美发沙龙为生。,这家人住在斯<unk>顿母亲的理发店上方.,beam5_block_unk,这家人住在斯<unk>顿母亲的理发店上方.,3.8199334999999905,6.216,19,0,True,"[3, 256016, 7068, 74937, 90753, 249019, 249371, 2105, 248948, 251182, 138383, 248016, 249054, 249043, 249787, 248708, 248903, 247676, 3]"
sample_3131,spk_0869,"Southern African (South Africa, Zimbabwe, Namibia)",common_voice_en_17272685.mp3,I can't find the ruler in my pencil case.,我找不到我铅笔盒里的尺子。,我在<unk>笔箱里找不到线索.,baseline_greedy,我在<unk>笔箱里找不到线索.,1.6222421669999676,3.792,15,0,True,"[3, 256016, 174483, 249371, 2105, 248948, 251996, 251460, 249184, 250211, 83798, 250143, 250477, 247676, 3]"
sample_3131,spk_0869,"Southern African (South Africa, Zimbabwe, Namibia)",common_voice_en_17272685.mp3,I can't find the ruler in my pencil case.,我找不到我铅笔盒里的尺子。,我在<unk>笔箱里找不到线索.,greedy_block_unk,我在<unk>笔箱里找不到线索.,1.730994709000015,3.792,15,0,True,"[3, 256016, 174483, 249371, 2105, 248948, 251996, 251460, 249184, 250211, 83798, 250143, 250477, 247676, 3]"
sample_3131,spk_0869,"Southern African (South Africa, Zimbabwe, Namibia)",common_voice_en_17272685.mp3,I can't find the ruler in my pencil case.,我找不到我铅笔盒里的尺子。,我在<unk>笔箱里找不到线索.,beam5,我找不到我的<unk>笔盒中的规则.,3.024323332999984,3.792,15,0,True,"[3, 256016, 3742, 250211, 83798, 23559, 249371, 2105, 248948, 251996, 252308, 23928, 82579, 247676, 3]"
sample_3131,spk_0869,"Southern African (South Africa, Zimbabwe, Namibia)",common_voice_en_17272685.mp3,I can't find the ruler in my pencil case.,我找不到我铅笔盒里的尺子。,我在<unk>笔箱里找不到线索.,beam5_block_unk,我找不到我的<unk>笔盒中的规则.,2.9912123340000107,3.792,15,0,True,"[3, 256016, 3742, 250211, 83798, 23559, 249371, 2105, 248948, 251996, 252308, 23928, 82579, 247676, 3]"
sample_3220,spk_1533,"Southern African (South Africa, Zimbabwe, Namibia)",common_voice_en_20031563.mp3,The Girl Guide emblem is set upon a banner of the flag of Estonia.,女童军的徽章被挂在爱沙尼亚国旗的旗帜上。,女导游的标志是印在爱沙尼亚国旗的旗<unk>上.,baseline_greedy,女导游的标志是印在爱沙尼亚国旗的旗<unk>上.,2.121199790999981,4.464,23,0,True,"[3, 256016, 70185, 250038, 249977, 248016, 196011, 248402, 249960, 248408, 250321, 250940, 64408, 248636, 251771, 248016, 251771, 249371, 2105, 248948, 248708, 247676, 3]"
sample_3220,spk_1533,"Southern African (South Africa, Zimbabwe, Namibia)",common_voice_en_20031563.mp3,The Girl Guide emblem is set upon a banner of the flag of Estonia.,女童军的徽章被挂在爱沙尼亚国旗的旗帜上。,女导游的标志是印在爱沙尼亚国旗的旗<unk>上.,greedy_block_unk,女导游的标志是印在爱沙尼亚国旗的旗<unk>上.,2.1256387079999968,4.464,23,0,True,"[3, 256016, 70185, 250038, 249977, 248016, 196011, 248402, 249960, 248408, 250321, 250940, 64408, 248636, 251771, 248016, 251771, 249371, 2105, 248948, 248708, 247676, 3]"
sample_3220,spk_1533,"Southern African (South Africa, Zimbabwe, Namibia)",common_voice_en_20031563.mp3,The Girl Guide emblem is set upon a banner of the flag of Estonia.,女童军的徽章被挂在爱沙尼亚国旗的旗帜上。,女导游的标志是印在爱沙尼亚国旗的旗<unk>上.,beam5,女导游的徽章被设置在爱沙尼亚国旗的旗<unk>上.,4.302329541999995,4.464,24,0,True,"[3, 256016, 70185, 250038, 249977, 248016, 254390, 249600, 249078, 157415, 248408, 250321, 250940, 64408, 248636, 251771, 248016, 251771, 249371, 2105, 248948, 248708, 247676, 3]"
sample_3220,spk_1533,"Southern African (South Africa, Zimbabwe, Namibia)",common_voice_en_20031563.mp3,The Girl Guide emblem is set upon a banner of the flag of Estonia.,女童军的徽章被挂在爱沙尼亚国旗的旗帜上。,女导游的标志是印在爱沙尼亚国旗的旗<unk>上.,beam5_block_unk,女导游的徽章被设置在爱沙尼亚国旗的旗<unk>上.,4.3602662079999845,4.464,24,0,True,"[3, 256016, 70185, 250038, 249977, 248016, 254390, 249600, 249078, 157415, 248408, 250321, 250940, 64408, 248636, 251771, 248016, 251771, 249371, 2105, 248948, 248708, 247676, 3]"
sample_3340,spk_0340,"Southern African (South Africa, Zimbabwe, Namibia)",common_voice_en_569340.mp3,I couldn’t stop staring at it.,我不停地盯着它。,我无法停止<unk>着它.,baseline_greedy,我无法停止<unk>着它.,1.3696978339999646,2.568,12,0,True,"[3, 256016, 3742, 60675, 95744, 249371, 2105, 248948, 249783, 249234, 247676, 3]"
sample_3340,spk_0340,"Southern African (South Africa, Zimbabwe, Namibia)",common_voice_en_569340.mp3,I couldn’t stop staring at it.,我不停地盯着它。,我无法停止<unk>着它.,greedy_block_unk,我无法停止<unk>着它.,1.3587366670000165,2.568,12,0,True,"[3, 256016, 3742, 60675, 95744, 249371, 2105, 248948, 249783, 249234, 247676, 3]"
sample_3340,spk_0340,"Southern African (South Africa, Zimbabwe, Namibia)",common_voice_en_569340.mp3,I couldn’t stop staring at it.,我不停地盯着它。,我无法停止<unk>着它.,beam5,我无法停止<unk>着它.,2.42785087499999,2.568,12,0,True,"[3, 256016, 3742, 60675, 95744, 249371, 2105, 248948, 249783, 249234, 247676, 3]"
sample_3340,spk_0340,"Southern African (South Africa, Zimbabwe, Namibia)",common_voice_en_569340.mp3,I couldn’t stop staring at it.,我不停地盯着它。,我无法停止<unk>着它.,beam5_block_unk,我无法停止<unk>着它.,2.281711291000022,2.568,12,0,True,"[3, 256016, 3742, 60675, 95744, 249371, 2105, 248948, 249783, 249234, 247676, 3]"
sample_3536,spk_0178,"Southern African (South Africa, Zimbabwe, Namibia)",common_voice_en_18884069.mp3,The cover art is by Ed Roth and Dave Christensen.,封面艺术是 Ed Roth 和 Dave Christensen 的作品。,封面是由埃德·罗斯和戴夫·克里斯<unk>森创作的.,baseline_greedy,封面是由埃德·罗斯和戴夫·克里斯<unk>森创作的.,2.5300519160000476,5.4,25,0,True,"[3, 256016, 247661, 251393, 249137, 108732, 250969, 249442, 248990, 250156, 249019, 248582, 251861, 250230, 248990, 249420, 101776, 249371, 2105, 248948, 250667, 250127, 187522, 247676, 3]"
sample_3536,spk_0178,"Southern African (South Africa, Zimbabwe, Namibia)",common_voice_en_18884069.mp3,The cover art is by Ed Roth and Dave Christensen.,封面艺术是 Ed Roth 和 Dave Christensen 的作品。,封面是由埃德·罗斯和戴夫·克里斯<unk>森创作的.,greedy_block_unk,封面是由埃德·罗斯和戴夫·克里斯<unk>森创作的.,2.3584801660000494,5.4,25,0,True,"[3, 256016, 247661, 251393, 249137, 108732, 250969, 249442, 248990, 250156, 249019, 248582, 251861, 250230, 248990, 249420, 101776, 249371, 2105, 248948, 250667, 250127, 187522, 247676, 3]"
sample_3536,spk_0178,"Southern African (South Africa, Zimbabwe, Namibia)",common_voice_en_18884069.mp3,The cover art is by Ed Roth and Dave Christensen.,封面艺术是 Ed Roth 和 Dave Christensen 的作品。,封面是由埃德·罗斯和戴夫·克里斯<unk>森创作的.,beam5,封面由埃德·罗斯和戴夫·克里斯<unk>森创作.,4.516944874999979,5.4,25,0,True,"[3, 256016, 247661, 251393, 249137, 249087, 250969, 249442, 248990, 250156, 249019, 248582, 251861, 250230, 248990, 249420, 101776, 249371, 2105, 248948, 250667, 250127, 248810, 247676, 3]"
sample_3536,spk_0178,"Southern African (South Africa, Zimbabwe, Namibia)",common_voice_en_18884069.mp3,The cover art is by Ed Roth and Dave Christensen.,封面艺术是 Ed Roth 和 Dave Christensen 的作品。,封面是由埃德·罗斯和戴夫·克里斯<unk>森创作的.,beam5_block_unk,封面由埃德·罗斯和戴夫·克里斯<unk>森创作.,4.388459582999985,5.4,25,0,True,"[3, 256016, 247661, 251393, 249137, 249087, 250969, 249442, 248990, 250156, 249019, 248582, 251861, 250230, 248990, 249420, 101776, 249371, 2105, 248948, 250667, 250127, 248810, 247676, 3]"
sample_3699,spk_1569,United States English,common_voice_en_17877282.mp3,Steam hissed from the broken valve.,蒸汽从阀门的破裂处发出嘶嘶声。,蒸汽从破碎的<unk>门发出<unk>声.,baseline_greedy,蒸汽从破碎的<unk>门发出<unk>声.,1.9550672920000238,4.008,20,0,True,"[3, 256016, 247661, 252812, 250844, 249613, 250616, 252645, 248016, 249371, 2105, 248948, 250054, 246834, 249371, 2105, 248948, 250549, 247676, 3]"
sample_3699,spk_1569,United States English,common_voice_en_17877282.mp3,Steam hissed from the broken valve.,蒸汽从阀门的破裂处发出嘶嘶声。,蒸汽从破碎的<unk>门发出<unk>声.,greedy_block_unk,蒸汽从破碎的<unk>门发出<unk>声.,1.9454678330000093,4.008,20,0,True,"[3, 256016, 247661, 252812, 250844, 249613, 250616, 252645, 248016, 249371, 2105, 248948, 250054, 246834, 249371, 2105, 248948, 250549, 247676, 3]"
sample_3699,spk_1569,United States English,common_voice_en_17877282.mp3,Steam hissed from the broken valve.,蒸汽从阀门的破裂处发出嘶嘶声。,蒸汽从破碎的<unk>门发出<unk>声.,beam5,蒸汽从破碎的<unk>门发出<unk>声.,3.688877792000028,4.008,20,0,True,"[3, 256016, 247661, 252812, 250844, 249613, 250616, 252645, 248016, 249371, 2105, 248948, 250054, 246834, 249371, 2105, 248948, 250549, 247676, 3]"
sample_3699,spk_1569,United States English,common_voice_en_17877282.mp3,Steam hissed from the broken valve.,蒸汽从阀门的破裂处发出嘶嘶声。,蒸汽从破碎的<unk>门发出<unk>声.,beam5_block_unk,蒸汽从破碎的<unk>门发出<unk>声.,3.4476150830000165,4.008,20,0,True,"[3, 256016, 247661, 252812, 250844, 249613, 250616, 252645, 248016, 249371, 2105, 248948, 250054, 246834, 249371, 2105, 248948, 250549, 247676, 3]"
sample_3744,spk_0803,United States English,common_voice_en_2972.mp3,You mean spies and things like that?,你是说间谍之类的？,你的意思是间<unk>和类似的东西?,baseline_greedy,你的意思是间<unk>和类似的东西?,1.473594165999998,2.856,14,0,True,"[3, 256016, 191779, 59625, 248402, 249403, 249371, 2105, 248948, 248582, 122001, 125710, 247805, 3]"
sample_3744,spk_0803,United States English,common_voice_en_2972.mp3,You mean spies and things like that?,你是说间谍之类的？,你的意思是间<unk>和类似的东西?,greedy_block_unk,你的意思是间<unk>和类似的东西?,1.5091984579999576,2.856,14,0,True,"[3, 256016, 191779, 59625, 248402, 249403, 249371, 2105, 248948, 248582, 122001, 125710, 247805, 3]"
sample_3744,spk_0803,United States English,common_voice_en_2972.mp3,You mean spies and things like that?,你是说间谍之类的？,你的意思是间<unk>和类似的东西?,beam5,你的意思是间<unk>和类似的东西?,2.5635570420000136,2.856,14,0,True,"[3, 256016, 191779, 59625, 248402, 249403, 249371, 2105, 248948, 248582, 122001, 125710, 247805, 3]"
sample_3744,spk_0803,United States English,common_voice_en_2972.mp3,You mean spies and things like that?,你是说间谍之类的？,你的意思是间<unk>和类似的东西?,beam5_block_unk,你的意思是间<unk>和类似的东西?,2.5693180420000203,2.856,14,0,True,"[3, 256016, 191779, 59625, 248402, 249403, 249371, 2105, 248948, 248582, 122001, 125710, 247805, 3]"
sample_3753,spk_0056,United States English,common_voice_en_17877631.mp3,"Pencils down, time is over.",请放下铅笔，时间到了。,"放下<unk>笔,时间过去了.",baseline_greedy,"放下<unk>笔,时间过去了.",1.4400679999999966,2.304,14,0,True,"[3, 256016, 204143, 248944, 249371, 2105, 248948, 251996, 247681, 19440, 56785, 248685, 247676, 3]"
sample_3753,spk_0056,United States English,common_voice_en_17877631.mp3,"Pencils down, time is over.",请放下铅笔，时间到了。,"放下<unk>笔,时间过去了.",greedy_block_unk,"放下<unk>笔,时间过去了.",1.44636991699997,2.304,14,0,True,"[3, 256016, 204143, 248944, 249371, 2105, 248948, 251996, 247681, 19440, 56785, 248685, 247676, 3]"
sample_3753,spk_0056,United States English,common_voice_en_17877631.mp3,"Pencils down, time is over.",请放下铅笔，时间到了。,"放下<unk>笔,时间过去了.",beam5,"放下<unk>笔,时间过去了.",2.5601844170000163,2.304,14,0,True,"[3, 256016, 204143, 248944, 249371, 2105, 248948, 251996, 247681, 19440, 56785, 248685, 247676, 3]"
sample_3753,spk_0056,United States English,common_voice_en_17877631.mp3,"Pencils down, time is over.",请放下铅笔，时间到了。,"放下<unk>笔,时间过去了.",beam5_block_unk,"放下<unk>笔,时间过去了.",2.5642018339999595,2.304,14,0,True,"[3, 256016, 204143, 248944, 249371, 2105, 248948, 251996, 247681, 19440, 56785, 248685, 247676, 3]"
sample_4039,spk_1233,United States English,common_voice_en_461793.mp3,Best to bend it while it's a twig.,当它还是一根小树枝的时候，最好把它弄弯。,最好在树枝还小的时候<unk>曲.,baseline_greedy,最好在树枝还小的时候<unk>曲.,1.8253300419999618,3.648,16,0,True,"[3, 256016, 18929, 249071, 248408, 252004, 253360, 249660, 249076, 64534, 249371, 2105, 248948, 249714, 247676, 3]"
sample_4039,spk_1233,United States English,common_voice_en_461793.mp3,Best to bend it while it's a twig.,当它还是一根小树枝的时候，最好把它弄弯。,最好在树枝还小的时候<unk>曲.,greedy_block_unk,最好在树枝还小的时候<unk>曲.,1.8465968749999888,3.648,16,0,True,"[3, 256016, 18929, 249071, 248408, 252004, 253360, 249660, 249076, 64534, 249371, 2105, 248948, 249714, 247676, 3]"
sample_4039,spk_1233,United States English,common_voice_en_461793.mp3,Best to bend it while it's a twig.,当它还是一根小树枝的时候，最好把它弄弯。,最好在树枝还小的时候<unk>曲.,beam5,最好在树枝还小的时候<unk>曲.,3.161832624999988,3.648,16,0,True,"[3, 256016, 18929, 249071, 248408, 252004, 253360, 249660, 249076, 64534, 249371, 2105, 248948, 249714, 247676, 3]"
sample_4039,spk_1233,United States English,common_voice_en_461793.mp3,Best to bend it while it's a twig.,当它还是一根小树枝的时候，最好把它弄弯。,最好在树枝还小的时候<unk>曲.,beam5_block_unk,最好在树枝还小的时候<unk>曲.,3.072964958,3.648,16,0,True,"[3, 256016, 18929, 249071, 248408, 252004, 253360, 249660, 249076, 64534, 249371, 2105, 248948, 249714, 247676, 3]"
sample_4042,spk_0776,United States English,common_voice_en_19817568.mp3,"Following Portsmouth's relegation, Diop was considered likely to be released.",在朴茨茅斯降级之后，有人认为 Diop 可能会转会。,"在波茨<unk>斯降级后,迪奥普被认为很可能被释放.",baseline_greedy,"在波茨<unk>斯降级后,迪奥普被认为很可能被释放.",2.2679762920000144,6.072,23,0,True,"[3, 256016, 5170, 250251, 252123, 249371, 2105, 248948, 249019, 250586, 250137, 249374, 247681, 250766, 250782, 249981, 148065, 249315, 8202, 249078, 212227, 247676, 3]"
sample_4042,spk_0776,United States English,common_voice_en_19817568.mp3,"Following Portsmouth's relegation, Diop was considered likely to be released.",在朴茨茅斯降级之后，有人认为 Diop 可能会转会。,"在波茨<unk>斯降级后,迪奥普被认为很可能被释放.",greedy_block_unk,"在波茨<unk>斯降级后,迪奥普被认为很可能被释放.",2.297823790999985,6.072,23,0,True,"[3, 256016, 5170, 250251, 252123, 249371, 2105, 248948, 249019, 250586, 250137, 249374, 247681, 250766, 250782, 249981, 148065, 249315, 8202, 249078, 212227, 247676, 3]"
sample_4042,spk_0776,United States English,common_voice_en_19817568.mp3,"Following Portsmouth's relegation, Diop was considered likely to be released.",在朴茨茅斯降级之后，有人认为 Diop 可能会转会。,"在波茨<unk>斯降级后,迪奥普被认为很可能被释放.",beam5,"在波茨<unk>斯降级后,迪奥普被认为可能会被释放.",4.185162957999978,6.072,22,0,True,"[3, 256016, 5170, 250251, 252123, 249371, 2105, 248948, 249019, 250586, 250137, 249374, 247681, 250766, 250782, 249981, 148065, 63566, 249078, 212227, 247676, 3]"
sample_4042,spk_0776,United States English,common_voice_en_19817568.mp3,"Following Portsmouth's relegation, Diop was considered likely to be released.",在朴茨茅斯降级之后，有人认为 Diop 可能会转会。,"在波茨<unk>斯降级后,迪奥普被认为很可能被释放.",beam5_block_unk,"在波茨<unk>斯降级后,迪奥普被认为可能会被释放.",4.223219625000013,6.072,22,0,True,"[3, 256016, 5170, 250251, 252123, 249371, 2105, 248948, 249019, 250586, 250137, 249374, 247681, 250766, 250782, 249981, 148065, 63566, 249078, 212227, 247676, 3]"
