sid,sentence,n_words,output_original,has_unk_original,unk_start_pos,p_unk_start_original,top_word,top_importance,random_word,random_importance,output_without_top,unk_after_top_removed,output_without_random,unk_after_random_removed
418,"Wow, this is a nice table!",6,"<unk>,这是一个漂亮的桌子!",True,2.0,0.5787563323974609,"Wow,",0.5786762088318937,table!,-0.020991206169128418,这是一个漂亮的桌子!,False,"<unk>,这是一个很好的",True
17,Absolutely despicable that gingerbread men are forced to live in houses made of their own flesh.,16,"绝对可憎的是,这些<unk>饼男人被迫生活在用自己肉制成的房子里.",True,9.0,0.24622692167758942,gingerbread,0.2461995407138602,own,0.036690548062324524,"人们被迫住在用自己肉体建造的房子里,",False,"绝对可憎的是,这些<unk>饼男人被迫生活在用他们的肉制成的房子里.",True
3,A large piece suddenly came off and fell with a loud and sharp noise.,14,"一块大块突然脱落,并与一个大声和尖<unk>的噪音.",True,17.0,0.8226315975189209,sharp,0.7494890987873077,off,0.1399141550064087,"一块大块突然脱落,并与一个大声和噪音.",False,"一块大块突然来了,并与一个大声和尖<unk>的噪音.",True
378,"They are both considered endangered, making it illegal to harass, kill, collect, or possess.",14,"它们都被认为是<unk>危物种, 骚扰,杀害,收集或拥有是非法的.",True,5.0,0.5087873935699463,"endangered,",0.5038711414672434,or,-0.025204956531524658,"它们都被认为是非法骚扰,杀害,收集或拥有.",False,"它们都被认为是<unk>危物种, 骚扰,杀害,收集,拥有是非法的.",True
435,Yovel is the transliteration of the Hebrew word for Jubilee.,10,"约贝尔是希伯来语""<unk>年""的翻译.",True,11.0,0.21734975278377533,Jubilee.,0.2106306436471641,transliteration,0.0049991607666015625,Yovel 是希伯来语中的字母翻译,False,"约贝尔是希伯来语中的""<unk>年""一词.",True
349,The ship was torn apart on the sharp reef.,9,这艘船在尖<unk>的珊瑚礁上被撕碎了.,True,7.0,0.9170309901237488,sharp,0.8943444676697254,torn,0.0830984115600586,这艘船在珊瑚礁上被撕碎了.,False,这艘船在尖<unk>的珊瑚礁上分开.,True
95,"Gossips are frogs, they drink and talk.",7,"谣言是青<unk>,他们喝酒和谈话.",True,7.0,0.6747292876243591,"frogs,",0.672048241365701,they,0.041260480880737305,他们喝酒和聊聊天,False,"谣言是青<unk>,喝酒和谈话.",True
325,The hull husk and the full in plenty Virtue is the highest good.,13,外壳和充足的美德是最高的善.,False,,,,,,,,,,
218,My laptop has crashed.,4,我的笔记本电脑已经崩<unk>.,True,9.0,0.9592511057853699,crashed.,0.9158622659742832,My,0.02517104148864746,我的笔记本电脑有,False,笔记本电脑已经崩<unk>.,True
361,The valley was filled with dense fog.,7,谷里充满了密集的雾<unk>.,True,11.0,0.6402985453605652,dense,0.5837583132088184,valley,0.5660938248038292,谷里充满了雾<unk>.,True,这里充满了密集的雾<unk>.,True
265,She's a feisty little ferret.,5,她是一个充满活力的小<unk>.,True,8.0,0.6931696534156799,ferret.,0.6904712182004005,a,0.0250433087348938,她是一个充满活力的小,False,她是一个充满活力的小<unk>.,True
184,"It swayed in the air, like weeping willows.",8,"它在空中摇摆,就像哭<unk>树.",True,10.0,0.8634992241859436,willows.,0.848691800609231,"air,",0.20573800802230835,"它在空气中摇摆,就像哭泣",False,它摇摆在哭<unk>树一样.,True
329,The magazine is the best selling guitar magazine in Europe.,10,这本杂志是欧洲最<unk>销的吉他杂志.,True,8.0,0.5047798752784729,selling,0.5044519724906422,magazine,0.047169506549835205,这本杂志是欧洲最好的吉他杂志.,False,这是欧洲最<unk>销的吉他杂志.,True
207,"Looking down at the spoon he held, the boy saw that the oil was gone.",15,"这个男孩看着手里的<unk>匙, 看到油已经消失了.",True,8.0,0.31619730591773987,spoon,0.3148100662510842,he,0.013803452253341675,"这个男孩看着他手里拿着的油, 看到油已经消失了.",False,"这个男孩看着拿着的匙, 看到油已经消失了.",False
217,My alarm clock doesn't have a snooze button.,8,我的<unk>钟没有休息按<unk>.,True,3.0,0.5044655203819275,alarm,0.5028351319488138,a,-0.014933526515960693,我的手表没有休息按<unk>.,True,我的<unk>钟没有休息按<unk>.,True
175,It can be overwhelming to learn how to put all the pieces together.,13,学习如何将所有碎片放在一起可能令人<unk>丧.,True,13.0,0.2808242440223694,overwhelming,0.26702520065009594,can,-0.024404674768447876,这可能是要学会如何把所有碎片放在一起.,False,学习如何将所有碎片放在一起是令人<unk>丧的.,True
335,The non-combat proficiency equivalent is the Expert Field Medical Badge.,10,非战斗能力的等价是专家现场医疗<unk>章.,True,12.0,0.9342492818832397,Badge.,0.9341573187921313,is,-0.0006730556488037109,非战斗能力的等价是专家野外医疗,False,非战斗能力相当于专家现场医疗<unk>章.,True
345,The river contains a large Salmon and Sea trout population.,10,这条河有大量的<unk>鱼和海<unk>鱼.,True,7.0,0.6042242646217346,Salmon,0.5746258161962032,population.,0.2341419756412506,这条河有大量的海<unk>.,True,河流里有大量的<unk>鱼和海<unk>鱼,True
91,Garlic can be used to fight vampires.,7,大<unk>可以用来对抗吸血鬼.,True,3.0,0.6315338611602783,Garlic,0.6312774326070212,vampires.,0.09406322240829468,可以用来对抗吸血鬼.,False,大<unk>可以用来战斗,True
97,"Half an hour later, his shovel hit something solid.",9,"半个小时后,他的<unk>子撞到了什么东西.",True,8.0,0.8139841556549072,shovel,0.8131216880865395,Half,0.094573974609375,"半个小时后,他的打击是坚固的.",False,"一个小时后,他的<unk>子撞到了什么东西.",True
194,Jazz groups were fascinated and added the boobams to their percussion sections.,12,"爵士乐乐队很着迷, 并将<unk>子添加到他们的打击乐部分.",True,12.0,0.5018678307533264,boobams,0.48979006335139275,percussion,0.0673174262046814,"爵士乐乐队很着迷,",False,"爵士乐乐队很着迷,",False
149,"I had the ""everyone has Gary Busey's teeth"" dream again.",10,"我又做了一个""每个人都有加里·布西的牙<unk>""的梦.",True,16.0,0.8241819143295288,"teeth""",0.5594905018806458,the,0.019611895084381104,"我又有""每个人都有加里·布西的梦想.",False,"我又做了一个""每个人都有加里·布西的牙<unk>""的梦.",True
354,The temples and sculptures were all brightly painted.,8,寺<unk>和雕塑都是鲜<unk>的画.,True,4.0,0.8129527568817139,temples,0.5782266408205032,all,0.012067556381225586,雕塑都是鲜<unk>的画.,True,寺<unk>和雕塑是鲜<unk>的画.,True
224,"Nora finds herself ugly, because she has pimples.",8,"诺拉觉得自己很丑,因为她有<unk>.",True,13.0,0.08708254992961884,pimples.,0.08704366183519596,Nora,0.05690065398812294,"诺拉觉得自己很丑,因为她有",False,"她觉得自己很丑,因为她有<unk>.",True
376,These are in the tundra biome.,6,这些是在<unk>地生物群中.,True,4.0,0.5862959623336792,tundra,0.5856397109455429,the,-0.009275197982788086,这些都在生物群中.,False,这些是在<unk>地生物群中.,True
94,"Go and speak to the tribal chieftains, said the camel driver.",11,"""去和部落的首领说话"",<unk>驼司机说.",True,11.0,0.9399399757385254,camel,0.938847141340375,said,0.30846208333969116,"司机说:""去和部落的首领说话.",False,"去和部落的首领说话, <unk>驼司机.",True
243,Please bring soap.,3,请带上肥<unk>.,True,6.0,0.6588972806930542,soap.,0.6570406501414254,bring,0.10700088739395142,请带,False,请用肥<unk>.,True
416,"Without haste, yet without rest unhasting, yet unresting.",8,"没有<unk>忙,但没有休息不<unk>忙,但不休息.",True,3.0,0.7809537053108215,"haste,",0.7788260490633547,yet,-0.004559040069580078,"没有休息,没有<unk>忙,没有休息.",True,"没有<unk>忙,没有休息不<unk>忙,但不休息.",True
299,"The camel driver was not a fighter, and he had consulted with seers.",13,"<unk>驼司机不是一个战士, 他已经咨询了先见者.",True,2.0,0.6487390398979187,camel,0.6472812233259901,and,-0.14878815412521362,"司机不是一个战士, 他已经咨询了先见者.",False,"<unk>驼司机不是一个战士, 他已经咨询了先见者.",True
192,Jackie Chan is a famous martial artist and actor from Hong Kong.,12,杰基·<unk>是香港著名的武术家和演员.,True,6.0,0.19659839570522308,Chan,0.18522256892174482,is,0.011296465992927551,杰基是香港著名的武术家和演员.,False,杰基·<unk>是一位著名的武术家和香港演员.,True
296,The boy was astonished by what he saw inside.,9,这个男孩惊<unk>地看到里面的东西.,True,5.0,0.9522538781166077,astonished,0.9208587631583214,saw,0.007740378379821777,这个男孩是从他内心看到的.,False,这个男孩惊<unk>地看到他内心的东西.,True
117,He rose up the ranks of the construction industry and Tianjin politics.,12,他<unk>升了建筑业和天津政治的层次.,True,3.0,0.14691926538944244,ranks,0.12228469364345074,the,-0.0021002590656280518,他激起了建筑业和天津政治的.,False,他<unk>升了建筑业和天津政治的层次.,True
82,"Examples include a beef Manhattan, a hot chicken sandwich in Canada, or Welsh rarebit.",14,"例如牛肉曼哈顿,加拿大热<unk>三明治,或威尔士稀有.",True,11.0,0.5854496359825134,hot,0.5624993126839399,sandwich,-0.06813246011734009,"例如牛肉曼哈顿,加拿大<unk>三明治,或威尔士稀有.",True,"例如牛肉曼哈顿,加拿大热<unk>,或威尔士稀有.",True
370,There was a murmur from the crowd.,7,听到人群中的<unk>声.,True,7.0,0.649354875087738,murmur,0.6490777354920283,crowd.,0.5816138535737991,有一个来自人群.,False,有一个低声从,False
106,He felt the role gave him the reputation of being a cad.,12,他觉得这个角色给了他一个<unk>瓜的声誉.,True,9.0,0.4962930977344513,cad.,0.4913913896307349,the,0.06451031565666199,他觉得这个角色给了他一个,False,他觉得这个角色给了他一个<unk>徒的声誉.,True
379,"They are filter-feeders, collector-gatherers and omnivorous scavengers.",7,"它们是过<unk>饲养者,收集者和食众的<unk>尸者.",True,5.0,0.597296416759491,"filter-feeders,",0.596635950030759,They,0.03846508264541626,它们是收集者和食万物的<unk>尸.,True,"它们是过<unk><unk>食者,收集者和食众.",True
306,The cover art is by Ed Roth and Dave Christensen.,10,封面是由埃德·罗思和戴夫·克里斯<unk>森.,True,17.0,0.7886860370635986,Christensen.,0.78328941995278,Roth,0.22811216115951538,封面由埃德·罗思和戴夫创作,False,封面是由埃德和戴夫·克里斯<unk>森.,True
214,Most of the nightlife in the town is centred on beachfront spots.,12,这座城市的大部分夜生活都集中在海<unk>上.,True,12.0,0.719825267791748,beachfront,0.6668368279933929,is,-0.004867255687713623,镇上的大部分夜生活都集中在点.,False,镇上的大部分夜生活都集中在海<unk>上.,True
367,Their music combined funk rhythms and dissonant guitar riffs.,9,他们的音乐结合了风格节奏和不和<unk>的吉他<unk>.,True,13.0,0.5871074795722961,dissonant,0.572071747854352,combined,0.16023123264312744,他们的音乐结合了朋克节奏和吉他<unk>.,True,他们的音乐有<unk>曲节奏和不和<unk>的吉他<unk>.,True
48,But that was simply because my eye was tired.,9,但这只是因为我的眼睛疲<unk>.,True,9.0,0.7218603491783142,tired.,0.6418452188372612,that,0.05482369661331177,但这只是因为我的眼睛,False,但只是因为我的眼睛很累.,False
424,You can't make a silk purse out of a sow's ear.,11,你不能用<unk>的耳朵做丝<unk>钱包.,True,5.0,0.3589582145214081,sow's,0.3581079766736366,silk,0.004340529441833496,你不能用耳朵做丝<unk>钱包.,True,你不能用猪的耳朵做钱包.,False
8,A steak-and-kidney pie.,3,一个牛排和<unk>脏蛋糕.,True,6.0,0.6318700313568115,steak-and-kidney,0.5804992616176605,pie.,0.17592546343803406,一个蛋糕.,False,一块牛排和<unk>脏,True
4,A little scrambling is required for access.,7,需要进行一些加密才能访问.,False,,,,,,,,,,
294,The boy mumbled an answer that allowed him to avoid responding to her question.,14,这个男孩<unk>着回答让他避免回答她的问题.,True,4.0,0.5994660258293152,mumbled,0.5994540732817768,her,0.04527103900909424,这个男孩给出了一个让他避免回答她问题的答案.,False,"这个男孩<unk>着回答, 让他避免回答问题.",True
99,"He also has a daughter, Amaiya Samuel.",7,"他还有一个女儿,阿玛亚·塞<unk>尔.",True,11.0,0.6809760928153992,Samuel.,0.6804203739156947,"daughter,",-0.01728034019470215,"他还有一个女儿,阿玛雅",False,他还有一个阿玛雅·塞<unk>尔.,True
142,"I ate a dish with rice, spaghetti, hummus, and caramelized onions.",11,"我吃了一道饭, 意大利面, 胡麻, 和焦糖洋<unk>.",True,20.0,0.8600050806999207,onions.,0.793794646859169,I,-0.035545408725738525,"我吃了一道饭,意大利面,胡麻,和焦糖",False,"吃了一道饭, 意大利面, <unk>, 和焦糖洋<unk>.",True
280,"Take shelter in this tent, but keep still.",8,"在这<unk>中避难,但保持安静.",True,4.0,0.10078317672014236,"tent,",0.09869297035038471,keep,-0.0009776949882507324,"在这里避难,但保持安静.",False,"在这个帐<unk>里避难,但仍然.",True
363,"The word nanosecond is formed by the prefix ""nano"" and the unit ""second"".",13,"纳米秒是由前<unk>""纳米""和单位""秒""组成的.",True,9.0,0.7686436772346497,prefix,0.7619625343941152,is,0.013631224632263184,"纳米秒是由""纳米""和单位""秒""组成的.",False,"纳米秒是由前<unk>""纳米""和单位""秒""组成的.",True
336,"The office paint was a dull, sad tan.",8,"办公室的油漆是沉<unk>的,悲伤的棕色.",True,9.0,0.47450053691864014,"dull,",0.32655081152915955,office,0.23424996435642242,办公室的油漆是悲伤的棕色.,False,"油漆是沉<unk>的,悲伤的棕色.",True
77,"Early pottery was painted with spirals, zigzags, dots, or animals.",10,"早期的陶器是用螺旋,<unk>,点或动物来绘制的.",True,12.0,0.17242024838924408,"spirals,",0.1711480893427506,or,-0.008797764778137207,"早期的陶器是用<unk>曲,点或动物来绘制的.",True,"早期的陶器是用螺旋,<unk>,点,动物来绘制的.",True
213,"More powerful knights, also known as a knight bannerets, could field multiple lances.",13,"更强大的骑士,也被称为骑士旗<unk>,可以投<unk>多个矛.",True,12.0,0.8483903408050537,"bannerets,",0.8386399690061808,a,-0.0025270581245422363,"更强大的骑士,也被称为骑士,可以使用多个矛.",False,"更强大的骑士,也被称为骑士旗<unk>,可以投<unk>多个矛.",True
414,Why do people even eat peanut butter and jelly?,9,人们为什么要吃花生<unk>和果<unk>呢?,True,8.0,0.40224260091781616,butter,0.40131962980376557,do,-0.007254511117935181,人们为什么要吃花生和果<unk>呢?,True,人们为什么要吃花生<unk>和果<unk>呢?,True
343,"The plant's large underground tuber distinguishes it from other ""Apios"" species.",11,"这种植物的大型地下茎使其与其他""Apios""物种区分开来.",False,,,,,,,,,,
272,Some sources differentiate bolt-on and bolt-in neck construction.,8,一些来源区分了螺栓式和螺栓式<unk>子结构.,True,14.0,0.34376853704452515,neck,0.3435740656568669,bolt-in,0.3242898676544428,一些来源区分了螺栓式和螺栓式的结构.,False,一些来源区分了螺栓式和<unk>部式.,True
366,"Their granddaughter Ann married Lewis Bayly, Bishop of Bangor.",9,他们的孙女安嫁给了班戈主教<unk>易斯·贝利.,True,13.0,0.3869039714336395,Lewis,0.38280300702899694,Ann,0.3651479631662369,他们的孙女安嫁给了班戈主教贝利.,False,他们的孙女嫁给了班戈主教路易斯·贝利.,False
32,Apple pie is an iconic dish.,6,<unk>果派是一个标志性的菜<unk>.,True,2.0,0.5256611108779907,Apple,0.4854937233030796,an,-0.0521317720413208,蛋糕是一种标志性菜<unk>.,True,<unk>果派是著名的菜<unk>.,True
133,"His dessert smelled musty, not sweet.",6,"他的甜点闻起来<unk>味,而不是甜味.",True,7.0,0.7199169993400574,"musty,",0.7198388779506786,His,0.20503449440002441,他的甜点没有甜的气味.,False,"甜点闻起来<unk>味,而不是甜味.",True
313,"The falcon's beak carries bits of me, myself, the desert said.",11,"沙漠说,<unk>的嘴里有我的碎片,",True,6.0,0.5458381772041321,said.,0.4687318354845047,desert,0.3529369533061981,"<unk>的嘴里有我的碎片, 我自己, 沙漠",True,"<unk>的嘴里有我的碎片, 我自己, 说.",True
55,Chili powder blends are the primary flavor ingredient in chili con carne.,12,<unk>粉混合物是<unk>肉的主要味道成分.,True,2.0,0.43835654854774475,Chili,0.41226023621857166,are,-0.028607547283172607,粉末混合物是<unk>肉的主要味道成分.,True,<unk>粉是<unk>肉中主要的味道成分.,True
28,And the sand and gravel had been flung violently in every direction.,12,沙子和<unk>石被猛烈地扔到各个方向.,True,5.0,0.6410622596740723,gravel,0.6394700862001628,every,0.025918960571289062,沙子和被猛烈地扔到每一个方向.,False,沙子和<unk>石被猛烈地扔向方向.,True
51,Can you see the beacon at the top of the wind turbine?,12,你能看到风力<unk>轮机顶部的信标吗?,True,7.0,0.4363655745983124,turbine?,0.43309985380619764,of,-0.014986634254455566,你能看到风顶上的信标吗?,False,你能看到风力<unk>轮机顶部的信标吗?,True
430,"You were looking squeamish this afternoon, he began.",8,"今天下午你看起来很<unk>,他开始.",True,7.0,0.2776191234588623,squeamish,0.27586431708186865,were,0.0144101083278656,"你今天下午在看,他开始了.",False,"今天下午你看起来很<unk>,他开始.",True
283,Tell her I elected her and I can have her impeached!,11,"告诉她我选举了她,我可以让她被弹<unk>!",True,15.0,0.9318400621414185,impeached!,0.9087764918804169,her,-0.0035767555236816406,"告诉她我选了她,我可以得到她",False,"告诉她我是选举她的,我可以让她被弹<unk>!",True
59,Could Aunt Dahlia have slept on it and changed her mind?,11,"达莉亚阿<unk>可能睡着了,改变了主意吗?",True,7.0,0.6933911442756653,Aunt,0.6926149841747247,changed,0.028141796588897705,"达莉亚可能睡着了,改变了主意吗?",False,达莉亚阿<unk>可能睡在它和她的脑海里吗?,True
375,"Therefore, only aluminum hydroxide was generated.",6,"因此,只产生<unk>氧化物.",True,6.0,0.3935081660747528,aluminum,0.33977440372109413,was,-0.2885161340236664,"因此,只产生了<unk>氧化物.",True,"因此,只有<unk>氧化物产生.",True
225,Note: best sellers of the year are bold.,8,注意:今年最<unk>销的书是粗体写的.,True,7.0,0.4553060233592987,sellers,0.45501017750939354,Note:,0.3956381231546402,注意:今年最好的作品是大胆的.,False,年度销量最高的作品是大胆的.,False
54,Caution and adjustment of dosage as necessary are warranted when combining fluvoxamine and mirtazapine.,14,"在结合<unk>化<unk>和米尔塔扎<unk>时,应谨慎并根据需要调整剂量.",True,4.0,0.4056416451931,fluvoxamine,0.3781507797539234,when,-0.01576271653175354,"在与米尔塔扎<unk>结合时,应谨慎并根据需要调整剂量.",True,"在结合<unk>化<unk>和米尔塔扎<unk>时,应谨慎并根据需要调整剂量.",True
239,Parachuting is dangerous.,3,跳降落<unk>是很危险的.,True,6.0,0.5925796627998352,Parachuting,0.5925118686573114,dangerous.,0.14909163117408752,是危险的.,False,降落<unk>是,True
193,Jacqueline has an ulcer on her bottom lip.,8,杰奎琳的下唇上有一个<unk>.,True,11.0,0.820204496383667,ulcer,0.6600792557001114,Jacqueline,0.4566653072834015,杰奎琳的下唇上有一个.,False,她的下唇上有一个<unk>.,True
377,"These settlers grew peas, beans, sugar cane, and tomatoes.",9,"这些定居者种植豆类,豆类,甘<unk>和西红<unk>.",True,14.0,0.8341348171234131,"cane,",0.4307180941104889,"peas,",-0.02841055393218994,"这些定居者种植豆类,豆类,糖和西红<unk>.",True,"这些定居者种植豆类,甘<unk>和西红<unk>.",True
247,Project Coster was founded and run by Marc van Oostendorp.,10,科斯特项目由马克·范·奥斯特登多普创立和经营.,False,,,,,,,,,,
210,Marcel Proust was said to suffer from neurasthenia.,8,据说马塞尔·普鲁斯特患有神经衰竭.,False,,,,,,,,,,
123,He was eventually defeated in the eighth round of voting by Baldwin Lonsdale.,13,他最终在第八轮投票中被<unk>德温·隆斯代尔击败.,True,9.0,0.3722420036792755,Baldwin,0.35851818416267633,by,0.10976964235305786,他最终在第八轮投票中被隆斯代尔击败.,False,他最终在第八轮投票中击败了<unk>德温·隆斯代尔.,True
253,Rugby School was the birthplace of Rugby football.,8,橄<unk>球学校是橄<unk>球足球的发源地.,True,4.0,0.7096931338310242,football.,0.18259286880493164,the,0.006140768527984619,橄<unk>球学校是橄<unk>球的发源地,True,橄<unk>球学校是橄<unk>球足球的发源地.,True
98,"Hamilton quaternions can be used to replace many matrices, but not to represent view frustums.",15,"哈密尔顿四元可以用来取代许多矩阵,但不能用来表示视图图.",False,,,,,,,,,,
250,Ribbonfish possess all the characteristics of fish living at very great depths.,12,<unk>带鱼具有生活在非常深的鱼类的所有特征.,True,2.0,0.38050442934036255,Ribbonfish,0.3801684151694644,possess,0.23541568219661713,它们具有生活在非常深的鱼类的所有特征.,False,带鱼具有生活在非常深的鱼类的所有特征.,False
319,"The fox pounced across the edge of the farm, only to find a safari explorer singing an opera by Vivaldi.",20,"狐<unk>冲过农场边缘, 发现一个探险家在唱维瓦尔迪的歌剧.",True,4.0,0.7840098738670349,fox,0.7415210194885731,a,0.010436415672302246,"他们冲过农场边缘, 发现一个探险家在唱维瓦尔迪的歌剧.",False,"狐<unk>冲过农场边缘, 发现一个探险家在唱维瓦尔迪的歌剧.",True
105,He does but shrug his head.,6,他只是<unk>着头.,True,4.0,0.4519384801387787,shrug,0.4490082317497581,does,0.0398026704788208,他只是他的头.,False,他只<unk>起头来.,True
58,Corning hosts Lazy Days of Summer on the last weekend in July.,12,"在七月最后一个周末,康宁举办了""夏天的<unk>惰日子"".",True,17.0,0.7317091822624207,Lazy,0.7316939788497621,weekend,0.035292983055114746,科宁在七月最后一个周末举办夏季节.,False,"康宁在7月的最后一天举办了""夏天的<unk>惰日子"".",True
191,Its headquarters are in Vatican City.,6,它的总部位于<unk>蒂冈市.,True,4.0,0.574662446975708,Vatican,0.5746466466134734,are,0.08596548438072205,它的总部位于城市.,False,它的总部在<unk>蒂冈市.,True
301,The cleat sank deeply into the soft turf.,8,树<unk>深深地沉入了柔软的草地上.,True,4.0,0.2591569125652313,cleat,0.24825559090822935,sank,0.1630883440375328,它们沉入了柔软的草地上.,False,钻进软草的深处.,False
238,"Palm oil is cheap, but workers on illegal plantations get exploited and huge areas of jungle get destroyed for its production.",21,"棕<unk>油价格便宜, 但非法种植园的工人受到剥削,",True,4.0,0.7310572266578674,Palm,0.3670486509799957,huge,0.0011643767356872559,"石油价格便宜, 但非法种植园的工人受到剥削,",False,"棕<unk>油价格便宜, 但非法种植园的工人受到剥削,",True
86,Football is often confused with soccer.,6,足球经常与足球混<unk>.,True,7.0,0.6041380167007446,confused,0.5954882875084877,often,0.11603924632072449,足球经常与足球有关.,False,足球和足球是混<unk>的.,True
401,"When I first started using Dragon, I was bummed to be restricted to Windows.",14,"当我第一次开始使用Dragon时, 我很<unk>丧,",True,14.0,0.4462079405784607,bummed,0.4454594968119636,to,0.07577946782112122,"当我第一次开始使用Dragon时, 我只能使用Windows.",False,"当我第一次开始使用Dragon时, 我对Windows受到限制感到<unk>丧.",True
427,"You made your bed, now you must lie in it.",10,"你已经<unk>好了你的床,现在你必须躺在上面.",True,4.0,0.36460453271865845,"bed,",0.3630673069274053,your,0.0925077497959137,你现在必须躺在里面.,False,"你已经<unk>了床,现在你必须躺在上面.",True
399,We know that Mark does not like spicy food.,9,我们知道马克不喜欢辛<unk>的食物.,True,9.0,0.5565885901451111,spicy,0.5382320880889893,does,-0.08902448415756226,我们知道马克不喜欢食物.,False,我们知道马克不喜欢辛<unk>的食物.,True
57,Consider a tungsten light-bulb filament.,5,考虑一个<unk>灯泡的电丝.,True,5.0,0.6953383684158325,tungsten,0.690200172830373,Consider,0.6008885204792023,考虑一个灯泡的电线.,False,一个<unk>灯泡的电丝.,True
180,It is subject to predation by beetles and possibly rodents.,10,它受到甲虫和<unk>动物的掠食.,True,7.0,0.3660004138946533,rodents.,0.36236001551151276,is,0.008864879608154297,"它受到甲虫的掠食,",False,它受到甲虫和<unk>动物的掠食.,True
360,The unit is authorized to fly the appropriate streamer on its organizational flag.,13,该单位有权在其组织旗<unk>上<unk>上适当的流体.,True,9.0,0.584579348564148,flag.,0.5787020386196673,appropriate,-0.02239358425140381,该单位有权在其组织上驾驶适当流体.,False,该单位有权在其组织旗<unk>上飞行流体.,True
409,Whitings are small fish caught in nets.,7,鱼是网中捕获的小鱼,False,,,,,,,,,,
271,"Some people like sea gulls, others don't.",7,"有些人喜欢海<unk>,有些人不喜欢.",True,6.0,0.7878218293190002,"gulls,",0.7870953810052015,sea,-0.02843451499938965,"有些人喜欢海,有些人不喜欢.",False,"有些人喜欢海<unk>,有些人不喜欢.",True
158,I was hoping you might know a thing or two about my surly shadow?,14,我希望你可能知道一两件事关于我的<unk>气的影子?,True,11.0,0.7141501903533936,surly,0.7127834502607584,shadow?,0.37829428911209106,我希望你可能知道一两件事关于我的影子?,False,我希望你可能知道一两件事关于我的<unk>气,True
33,"As the astronaut walked into the translucent pod, it transformed into an opaque material.",14,"当宇航员走进半透明<unk>时, 它变成了一种不透明的材料.",True,10.0,0.42940106987953186,"pod,",0.4290303865564056,it,0.10752582550048828,"当宇航员走进半透明时, 它变成了一种不透明的材料.",False,"宇航员走进半透明<unk>中时, 变成了一种不透明的材料.",True
143,I believe that there are lots of spiders gathering in the attic.,12,我相信有很多蜘蛛聚集在<unk>楼上.,True,11.0,0.5627232789993286,attic.,0.5620461450889707,that,-0.03714275360107422,我相信有很多蜘蛛聚集在,False,我相信有很多蜘蛛聚集在<unk>楼上.,True
241,Person in checked shirt riding unicycle while crowd watches.,9,"穿着衬衫的人骑着单车,而人群看着",False,,,,,,,,,,
310,The devil finds work for idle hands.,7,魔鬼为<unk>惰的人找工作.,True,6.0,0.44302093982696533,idle,0.44261399953393266,finds,-0.04135897755622864,魔鬼为手找工作,False,魔鬼为<unk>惰的人工作.,True
297,The boy was cuddling with his fluffy teddy bear.,9,这个男孩正在拥抱他的毛<unk>的泰迪熊.,True,9.0,0.749470591545105,fluffy,0.6282132267951965,bear.,0.38294410705566406,这个男孩正在拥抱他的泰迪熊.,False,这个男孩正在拥抱他的毛<unk>的泰迪,True
196,"Jeffery really pulled a boner, but in the end everyone could laugh about it.",14,"杰弗里真的<unk>了, 但最终每个人都可以笑.",True,7.0,0.3301602602005005,"boner,",0.2970302328467369,a,0.12488895654678345,杰弗里真的拉了一个但最终每个人都可以笑.,False,"杰弗里真的<unk>了, 但最终每个人都可以笑.",True
188,"It was such a thrill, her veins were pumped full of adrenaline.",12,她的静脉充满了<unk>上腺素.,True,8.0,0.27394938468933105,adrenaline.,0.2689116857945919,was,0.007292658090591431,她的静脉充满了激动,False,她的静脉充满了<unk>上腺素.,True
109,He heard a muffled grating sound and saw the black mark jerk forward an inch or so.,17,"他听到一个<unk>的<unk>声,并看到黑色的标记<unk>向前一英寸左右.",True,5.0,0.6526597738265991,so.,0.3833710849285126,heard,0.15953129529953003,"他听到一个<unk>的格子声音,看到黑色的标记<unk>前一英寸或",True,"他听到一个<unk>的<unk>声, 看到黑色的痕迹向前<unk>了一英寸左右.",True
75,Drive the screw straight into the wood.,7,把螺丝直接钻进木头里,False,,,,,,,,,,
199,"Lemon trees are not yellow, it's just the fruit.",9,"<unk>树不是黄色的,只是它的果实.",True,2.0,0.597430408000946,Lemon,0.5959738993551582,"yellow,",0.3396696448326111,"树不是黄色的,只是果实.",False,<unk>树不是它只是水果.,True
181,"It may be done by coup, impeachment, invasion, or forced abdication.",11,"这可以通过政变,弹<unk>,入侵或强迫退位来完成.",True,9.0,0.9166752696037292,"impeachment,",0.8868183512240648,"coup,",0.07202833890914917,"这可能是通过政变,入侵或强迫退位来完成的.",False,"这可以通过弹<unk>,入侵或强迫退位来完成.",True
114,He offered the kids some ice-cream.,6,他给孩子们提供一些冰<unk>淋.,True,9.0,0.7655079364776611,ice-cream.,0.7553538288921118,the,0.024437785148620605,他给孩子们提供了一些,False,他给孩子们提供一些冰<unk>淋.,True
96,"Grime, rust and residual particles polluted the air.",8,"污垢,<unk>和残留的颗粒污染了空气.",True,6.0,0.49459102749824524,rust,0.49269090755842626,polluted,0.07282903790473938,污垢和残留的颗粒污染了空气.,False,"空气中的污垢,<unk>和残留颗粒.",True
44,"Birds feed their offspring with spiders, worms, slugs and bugs.",10,"鸟类用蜘蛛,<unk>虫,<unk>和昆虫<unk>养它们的后代.",True,9.0,0.6720231771469116,Birds,0.19903269410133362,bugs.,0.16504347324371338,"给它们的后代<unk>食蜘蛛,<unk>虫,<unk>和昆虫.",True,鸟类用蜘蛛虫<unk>和,True
144,I bet you forgot the wine!,6,我敢打<unk>你忘了葡萄酒!,True,5.0,0.7453068494796753,bet,0.7430850767996162,you,0.07685983180999756,你忘了葡萄酒!,False,我敢打<unk>我忘了葡萄酒!,True
76,"Due to his recurring hip injuries, however, Bush voluntarily left spring training and retired.",14,"然而,由于他的<unk>部受伤,布什自愿离开了春季训练并退休.",True,6.0,0.7014095187187195,hip,0.6967008798383176,training,-0.01769202947616577,"然而,由于他的反复受伤,布什自愿离开了春季训练并退休.",False,"然而,由于他的<unk>部受伤,布什自愿离开了春天并退休.",True
268,"So he could not be hasty, nor impatient.",8,"所以他不能<unk>忙,也不能不耐烦.",True,5.0,0.569999635219574,"hasty,",0.5633694524876773,impatient.,0.05285459756851196,所以他不能不耐烦.,False,"所以他不能<unk>忙,也不能",True
26,Amshuverma had written a book on grammar in Sanskrit.,9,阿姆舒维尔马写了一本关于<unk>语语法的书.,True,12.0,0.3669537603855133,Sanskrit.,0.3667001399444416,in,0.2390662431716919,阿姆舒维尔玛写了一本关于语法,False,阿姆舒维尔马写了一本关于梵文语法的书.,False
29,And they attacked an empty tent.,6,他们袭击了一个空的帐<unk>.,True,8.0,0.8184088468551636,tent.,0.7845332697033882,empty,0.22294676303863525,他们袭击了一个空的,False,他们袭击了一间帐<unk>.,True
176,It contains Zucchini.,3,它含有朱<unk>.,True,5.0,0.15246126055717468,Zucchini.,0.1513340352103114,contains,0.06023988127708435,它包含,False,这是朱基尼.,False
18,"According to Freud, the Virgin's garment reveals a vulture when viewed sideways.",12,"根据弗洛伊德的说法, 处女的衣服显示一个<unk>子当侧面看.",True,17.0,0.7120100855827332,vulture,0.7113001629477367,"Freud,",0.001478433609008789,"根据弗洛伊德的说法, 处女的衣服显示一个当侧面看.",False,根据圣母的衣服显示一个<unk>子当侧面查看.,True
341,The paramedics took out the defibrillator to reanimate the motorcyclist.,10,救护人员取出了除<unk>器来复苏摩托车手.,True,9.0,0.6837647557258606,defibrillator,0.6785297342576087,took,0.060575783252716064,救护人员将摩托车手的生命带出去.,False,"救护人员把除<unk>器取出来, 恢复摩托车手的生命.",True
62,"Daily Telegraph journalist Toby Harnden described Yon's commentary as ""excoriating"".",10,"每日电报的记者托比·哈登 (Toby Harnden) 称<unk>的评论是""令人<unk>丧的"".",True,23.0,0.5108919739723206,Yon's,0.5107385435840115,Daily,0.010530233383178711,每日电报的记者托比·哈登 (Toby Harnden) 称评论是激怒的,False,"电报记者托比·哈登 (Toby Harnden) 称<unk>的评论是""令人<unk>丧的"".",True
263,She sewed the torn coat quite neatly.,7,她把撕裂的外套<unk>得很整齐.,True,9.0,0.3049960434436798,sewed,0.30376304406672716,coat,0.21121610701084137,她把外套撕得很整齐.,False,她<unk>了撕裂的很整齐.,True
257,Seward proposes that ball lightning is a spinning plasma toroid or ring.,12,塞沃德提出球闪电是一个旋转的等离子体圆形或环.,False,,,,,,,,,,
146,I couldn’t stop staring at it.,6,我不能停止<unk>着它.,True,5.0,0.293575644493103,staring,0.29324496976914816,stop,0.23941338434815407,我不能停下来,False,我看着它看不着,False
70,Don't go off half-cocked.,4,不要半准备半准备地走,False,,,,,,,,,,
262,She had her cardigan on.,5,她穿着她的<unk>衣.,True,6.0,0.34829211235046387,cardigan,0.34580292482860386,had,0.005362749099731445,她已经把她带走了.,False,她穿着她的<unk>衣.,True
383,"They walked in from the rain, all dishevelled and steaming.",10,"他们从雨中走进来, 所有的<unk>乱和蒸汽.",True,12.0,0.3015110194683075,dishevelled,0.2945526619441807,"rain,",0.27816852554678917,"他们从雨中走进来,全部蒸发.",False,"他们走进来时,身子一片乱乱,气氛很热",False
231,"Oh, is that all?",4,"<unk>,这就是全部吗?",True,2.0,0.49408161640167236,"Oh,",0.4940495929949975,that,0.005855560302734375,这就是全部吗?,False,"<unk>,就是所有?",True
153,I like ice-cream.,3,我喜欢冰<unk>淋.,True,5.0,0.7175716757774353,ice-cream.,0.7140857086051255,I,-2.1457672119140625e-06,我喜欢,False,像冰<unk>淋一样.,True
198,"Later, the Nine Olympian Muses were named.",7,"后来,九位奥林匹克的<unk>女被命名.",True,12.0,0.11198879033327103,Muses,0.11192474788549589,the,-0.0036697834730148315,"后来,九位奥林匹克运动员被命名.",False,"后来,九位奥林匹克的<unk>女被命名.",True
39,"Before him was an enormous white horse, rearing over him with a frightening scream.",14,"在他面前是一匹巨大的白马, 惊<unk>地尖叫着.",True,13.0,0.1615898460149765,scream.,0.13189619779586792,with,0.0013024955987930298,"在他面前是一匹巨大的白马,",False,"在他面前是一匹巨大的白马, 在他身上发出可怕的尖叫声.",False
260,She flaps her cape as she parades the street.,9,她在街上游行时挥舞着她的斗<unk>.,True,14.0,0.7603707909584045,cape,0.6600883305072784,the,0.004536628723144531,她在街上游行时挥舞着她的手.,False,她在街上游行时挥舞着她的斗<unk>.,True
284,"The Anamudi peak area is also habitat of a unique frog ""Raorchestes resplendens"".",13,"阿纳穆迪山峰地区也是独特青<unk>""Raorchestes resplendens""的<unk>息地.",True,13.0,0.8150829076766968,frog,0.4891871511936188,peak,0.1339622139930725,"阿纳穆迪山峰地区也是独特的""Raorchestes resplendens""的<unk>息地.",True,"阿纳穆迪地区也是独特青<unk>""Raorchestes resplendens""的<unk>息地.",True
31,"Another reason why Apple is superior to Microsoft, the troll posted and grabbed some popcorn for the subsequent flame war.",20,"苹果优于微软的另一个原因是, 巨人发布并抓住了一些爆米花,",False,,,,,,,,,,
285,"The Englishman prodded him, and the boy asked her about the man who cured people's illnesses.",16,"这位英国人<unk>着他,男孩问她关于治愈人们疾病的人.",True,5.0,0.3084154427051544,prodded,0.3082187421823619,who,-0.01930767297744751,"这位英国人问他,男孩问她关于治愈人们疾病的人.",False,"这位英国人<unk>着他,男孩问她关于治愈人们疾病的人.",True
402,"When a fox hears a rabbit screaming it comes running, but not to help.",14,"当狐<unk>听到<unk>子尖叫时, 它会跑来, 但不是来帮助.",True,4.0,0.8880887031555176,fox,0.6663176119327545,a,0.0006877779960632324,"当他听到<unk>子尖叫时, 他会跑来, 但不是来帮助.",True,"当狐<unk>听到<unk>子尖叫时, 它会跑来, 但不是来帮助.",True
204,"Linfen has rich mineral resources including coal, iron ore, copper, and lead.",12,"林<unk>拥有丰富的矿产资源,包括煤炭,铁矿石,铜和<unk>.",True,3.0,0.5160204768180847,Linfen,0.5105330343358219,lead.,0.036097049713134766,"它拥有丰富的矿产资源,包括煤炭,铁矿石,铜和<unk>.",True,"林<unk>拥有丰富的矿产资源,包括煤炭,铁矿石,铜和",True
289,"The alchemist removed the pan from the fire, and set it aside to cool.",14,"这位炼金术士把<unk>从火中拿出来,把它放在一边冷却.",True,8.0,0.8226622343063354,pan,0.7984361164271832,from,0.34596607089042664,"炼金术士把它从火里拿出来,把它放在一边冷却.",False,"炼金术士把<unk>从火中移走,并把它放在一边冷却.",True
288,The Pancake Post Office has been closed.,7,<unk>饼邮局已经关闭.,True,2.0,0.5586010813713074,Pancake,0.5512016587890685,has,-0.01312863826751709,邮局已经关闭了.,False,<unk>饼邮局已经关闭.,True
40,Before you meet the handsome prince you have to kiss a lot of toads.,14,"在你遇见英俊的王子之前, 你必须吻很多青<unk>.",True,17.0,0.8888976573944092,toads.,0.8823144813068211,meet,0.11286932229995728,"在你遇见英俊王子之前,你必须亲吻很多人",False,"在你这个英俊的王子之前, 你必须吻很多青<unk>.",True
415,Why is pinball so addictive?,5,为什么<unk>球如此成<unk>?,True,3.0,0.1746470034122467,pinball,0.17456064912403235,addictive?,0.08546225726604462,为什么会如此成<unk>?,True,为什么乒乓球是如此,False
347,"The scabbard was embossed in silver, and the handle was black and encrusted with precious stones.",16,"<unk>子是用银雕刻的, 手柄是黑色的, <unk>上有宝石.",True,2.0,0.42646482586860657,scabbard,0.38974571600556374,was,-0.03904998302459717,"银雕刻,手柄是黑色的,装有宝石.",False,"<unk>子是用银雕刻的, 手柄是黑色的, <unk>上有宝石.",True
320,The game ends when all the Chuckies are exhausted.,9,"当所有 Chuckies 疲<unk>时,游戏就结束了.",True,9.0,0.6502677798271179,exhausted.,0.6179753690958023,when,0.3404187262058258,"游戏结束时,所有 Chuckies 都",False,"游戏结束时,所有楚基人都疲<unk>不堪.",True
362,The whole thing seemed depressingly futile.,6,整个事情似乎令人<unk>丧的徒劳.,True,7.0,0.7864713668823242,depressingly,0.5247730016708374,seemed,0.05392634868621826,整个事情似乎是徒劳的.,False,整个事情令人<unk>丧的徒劳.,True
382,They provided warnings about thieves and barbarian tribes.,8,他们提供了关于盗<unk>和野蛮人的警告.,True,6.0,0.8833654522895813,thieves,0.848307553678751,They,0.004826664924621582,他们提供了关于野蛮人的警告和部落.,False,提供关于盗<unk>和野蛮人的警告.,True
10,A stone flounder is the textbook definition of effective camouflage.,10,石<unk>是教科书中有效的伪装的定义.,True,3.0,0.5505434274673462,flounder,0.5504929956805427,the,-0.0010009407997131348,石头是有效的伪装的教科书定义.,False,石<unk>是教科书中关于有效伪装的定义.,True
228,"Oh dear, oh dear!",4,我的上帝!我的上帝!,False,,,,,,,,,,
87,Forbes was born in Dundee.,5,福布斯出生在<unk>迪.,True,7.0,0.5552368760108948,Dundee.,0.5551685774626094,was,0.06763043999671936,福布斯出生在,False,福布斯出生在<unk>迪.,True
11,A stuffed chair slipped from the moving van.,8,一把填充的椅子从搬家车里滑下来.,False,,,,,,,,,,
267,Smaller ellipses create fewer reflections.,5,较小的<unk>圆会产生较少的反射.,True,5.0,0.6544795632362366,ellipses,0.6542981959501049,fewer,0.01931840181350708,较小的会产生较少的反射.,False,较小的<unk>圆会产生反射.,True
9,A steep trail is painful for our feet.,8,陡峭的步道会给我们的脚造成疼痛,False,,,,,,,,,,
364,The young kid jumped the rusty gate.,7,这个年轻人跳过了生<unk>的门.,True,9.0,0.6247237920761108,rusty,0.6204557460732758,The,0.06508493423461914,年轻的孩子跳过了门.,False,年轻的孩子跳过了生<unk>的门.,True
41,"Believe it or not, this peanut butter is homemade.",9,"相信或不相信,这个花生<unk>是自制的.",True,11.0,0.43320608139038086,butter,0.43319021598836116,homemade.,0.14867934584617615,"相信或不相信,这颗花生是自制的.",False,"相信或不相信,这个花生<unk>是",True
102,He began playing guitar and soon added dobro and lap steel.,11,"他开始弹吉他,很快就加入了多博和<unk>钢.",True,14.0,0.1309494525194168,dobro,0.12773844553157687,and,0.021183498203754425,"他开始弹吉他,很快就加入了钢琴.",False,"他开始弹吉他,很快就加入了德博和<unk>钢.",True
90,"Gamble played cornerback, wide receiver, and all phases of special teams at Ohio State.",14,"甘布尔在俄<unk>俄州立大学担任角球后卫,宽接手和所有阶段的特别团队.",True,8.0,0.7836148142814636,Ohio,0.7769778165966272,Gamble,0.1370362639427185,"甘布尔在州立大学打过角后卫,宽接手和所有阶段的特殊球队.",False,"在俄<unk>俄州立大学担任角球后卫, wide receiver 和特殊团队的所有阶段.",True
392,Tin cans are absent from store shelves.,7,<unk>罐在商店的货架上没有.,True,2.0,0.378449022769928,shelves.,0.2782202288508415,absent,0.008658140897750854,商店里没有<unk>罐,True,<unk>头是从商店的货架上买来的.,True
381,They have cheap sausages and fries at the brewery tomorrow.,10,他们有便宜的香肠和<unk>炸<unk>在<unk>酒厂明天.,True,9.0,0.2886582016944885,cheap,0.1827384978532791,at,0.023428797721862793,他们明天在<unk>酒厂吃香肠和薯条.,True,他们有便宜的香肠和炸<unk>明天<unk>酒厂.,True
36,"At most, they thought that another meteorite had descended.",9,他们最多认为另一个<unk>石已经下降.,True,6.0,0.5245862603187561,meteorite,0.5245051183956093,another,0.25215962529182434,他们最多认为另一个人已经下来了.,False,他们最多认为是<unk>石落下.,True
287,"The New Latin term ""corbicula"" is a diminutive of ""corbis"", a basket or pannier.",14,"新拉丁语""corbicula""是""corbis""的缩写,一个篮子或<unk>子.",True,25.0,0.2864052951335907,pannier.,0.2863923022541712,The,0.014420688152313232,"新拉丁语""corbicula""是""corbis""的缩写,一个篮子或",False,"新的拉丁语术语""corbicula""是""corbis""的缩写,一个篮子或<unk>子.",True
417,Would anyone care for some lavender custard?,7,有没有人想要一些<unk>衣草奶油?,True,6.0,0.7542350888252258,lavender,0.7493554251268506,some,0.13476121425628662,有没有人想要一些奶油?,False,有没有人想要<unk>衣草奶油?,True
20,"According to various king-lists, Giric was slain at Dundurn.",9,"根据各种国王名单,吉里克在<unk>德恩被杀.",True,11.0,0.39658641815185547,Dundurn.,0.3963979299151106,was,-0.006810516119003296,"根据各种国王名单,吉里克被杀在",False,"根据各种国王名单,吉里克在<unk>德恩被杀.",True
333,The name comes from the prickles on the female cones.,10,这个名字来自雌性<unk>上的刺<unk>.,True,7.0,0.3740442097187042,cones.,0.35423494130373,female,0.3122345805168152,这个名字来自雌性上的刺,False,这个名字来自<unk>上的刺<unk>.,True
237,"Other waterfalls include the Rincon Falls, Rio Seco Falls and Marianne Falls.",12,"其他<unk>布包括林肯<unk>布,里奥塞科<unk>布和玛丽安<unk>布.",True,3.0,0.5920006632804871,waterfalls,0.5859265411272645,Marianne,0.0037785768508911133,"其他包括林肯<unk>布,里奥塞科<unk>布和玛丽安<unk>布.",True,"其他<unk>布包括林肯<unk>布,里奥塞科<unk>布和<unk>布.",True
172,Inscripted abecedarium on rock engraves in Valle Camonica.,8,在卡莫尼卡山谷的岩石雕刻上刻有字母的字母.,False,,,,,,,,,,
326,The hydrogen gas escaped.,4,<unk>气已经逃脱.,True,2.0,0.3290897309780121,hydrogen,0.320091363042593,escaped.,0.011070281267166138,气体逃逸了.,False,<unk>气,True
419,"Wrenn was a Fellow of Pembroke College, Oxford.",8,Wrenn 是牛津彭布罗克学院的研究员,False,,,,,,,,,,
202,"Like other royal insignia, the crown was not worn by the sovereign.",12,"像其他皇家<unk>章一样,皇冠不是国王所戴的.",True,5.0,0.4934748411178589,"insignia,",0.49117604666389525,the,-0.03414088487625122,"像其他皇室一样,皇冠不是由君主戴的.",False,"像其他皇家<unk>章一样,皇冠不是国王所戴的.",True
420,"Yeah, I had a bit of a poke at that and failed to work out what was wrong.",18,"是的,我有点<unk>在那个和未能工作出什么是错的.",True,8.0,0.6697340607643127,"Yeah,",0.6475583575665951,I,0.006349325180053711,"我有点<unk>着它, 无法弄清楚有什么问题.",True,"是的,有点<unk>在那个和未能工作出什么是错的.",True
281,Take the winding path to reach the lake.,8,沿着<unk>曲的路径到达湖泊.,True,5.0,0.3979284465312958,winding,0.39717396965716034,to,-0.026753515005111694,沿着小路走到湖边.,False,沿着<unk>曲的路径到达湖泊.,True
276,Steam hissed from the broken valve.,6,蒸汽从破裂的<unk>门<unk>声.,True,9.0,0.879270613193512,valve.,0.8159311711788177,the,-0.02812182903289795,蒸汽从破碎的嘶嘶,False,蒸汽从破裂的<unk>门<unk>.,True
67,Don't advertise: Tell it to a gossip.,7,不要宣传:告诉一个八<unk>.,True,8.0,0.950430691242218,gossip.,0.9487847778946161,Tell,0.01586848497390747,不要宣传:告诉一个,False,不要宣传:它是一个八<unk>.,True
211,May I have some syrup to go on these pancakes?,10,我可以把一些糖<unk>放在这些<unk>饼上吗?,True,7.0,0.7312581539154053,syrup,0.7269977438263595,I,0.018952369689941406,我可以把一些放在这些<unk>饼上吗?,True,可以把一些糖<unk>放到这些<unk>饼上吗?,True
140,"However, after persistent calls, Hall-Jones reluctantly accepted despite having no parliamentary ambitions.",12,"然而,在坚持的呼叫之后,霍尔-<unk>斯不情愿地接受了,尽管没有议会野心.",True,14.0,0.630630373954773,Hall-Jones,0.6243354640901089,despite,-0.0022507309913635254,"然而,在坚持的呼吁之后,尽管没有议会野心,但他不情愿地接受了.",False,"然而,在坚持的呼叫之后,霍尔-<unk>斯不情愿地接受没有议会野心.",True
412,"Who is this stranger who speaks of omens? asked one of the chieftains, eyeing the boy.",16,"这位说预兆的陌生人是谁? 一个首领问,看着男孩.",False,,,,,,,,,,
151,I have blisters on my hands because I was bouldering yesterday.,11,"我手上有水泡,因为我昨天在<unk>岩.",True,14.0,0.4726320207118988,bouldering,0.46314037777483463,blisters,0.42052336037158966,"我手上有水泡,因为我昨天是.",False,"我手上有,因为我昨天在<unk>岩.",True
66,Do you ever doodle things on a piece of paper when you're bored?,13,你有没有在无聊的时候在纸上涂<unk>东西?,True,13.0,0.26942941546440125,doodle,0.26787563192192465,when,0.13252180814743042,你有没有在无聊的时候写东西在纸上?,False,你有没有在一张无聊的纸上涂鸦?,False
165,I've made some delicious pancakes this morning.,7,我今天早上做了一些美味的<unk>饼.,True,10.0,0.7925459742546082,pancakes,0.7915301446337253,made,0.016675472259521484,我今天早上做了一些美味的.,False,我今天早上吃了几块美味的<unk>饼.,True
373,"There were really, I think, two or three hundred people elbowing one another.",13,"我认为,真的有两百到三百个人在互相<unk>肘.",True,15.0,0.2227819263935089,elbowing,0.21985925291664898,one,0.11683116853237152,"我认为,真的有两百到三百个人在一起",False,"我认为,真的有两百到三百个人在<unk>肘打另一个人.",True
222,"Never advertise razors by shaving a monkey, it's cruel and results in lawsuits.",13,"永远不要通过剃须<unk>子来宣传剃须刀, 这是残酷的,",True,8.0,0.7137023210525513,shaving,0.7127251393394545,by,0.7081082612276077,"永远不要通过<unk>子宣传剃须刀, 这是残酷的,",True,"永远不要宣传剃须刀剃须<unk>子, 这是残酷的,",True
358,The turf and gravel around it seemed charred as if by a sudden explosion.,14,"周围的草<unk>和<unk>石似乎被<unk>化,好像突然爆炸.",True,6.0,0.23691511154174805,around,0.206472871825099,and,-0.3389468789100647,"草地和<unk>石似乎被燃烧,好像突然爆炸.",True,周围的草<unk>砾石似乎被突然的爆炸烧焦了.,True
234,"Oliver, aide to Mr. Bogan, who had Rubbermaid in his arms, fainted.",12,"奥利弗,博根先生的助手, 谁在他的怀里<unk>, 昏倒了.",True,19.0,0.3318105936050415,Rubbermaid,0.33178826347284485,"Bogan,",0.2534748986363411,"奥利弗,博根先生的助手, 在他的手臂, 昏倒了.",False,"奥利弗,助理先生谁在他的手臂里<unk>着<unk>,<unk>倒了.",True
68,Don't blow your own trumpet.,5,不要吹自己的喇<unk>.,True,6.0,0.8304957151412964,trumpet.,0.7801593355834484,Don't,0.19137859344482422,不要吹自己的,False,吹出自己的喇<unk>.,True
256,Scattered groups of people were hurrying from the direction of Woking.,11,散落的群体的人从沃金的方向<unk>忙.,True,13.0,0.44378677010536194,hurrying,0.4437452758575091,from,0.22731973230838776,散落的人群来自沃金的方向.,False,散落在不同的群体的人们正在急忙向沃金的方向.,False
203,"Like spinach, they contain mildly toxic oxalic acid, which is named after the genus.",14,"像<unk>菜一样, 它们含有轻微有毒的<unk>酸,",True,3.0,0.2728978097438812,"spinach,",0.2728577602902078,the,0.009188622236251831,"它们含有轻微有毒的<unk>酸,",True,"像<unk>菜一样, 它们含有轻微有毒的<unk>酸,",True
103,He carried two dead hawks over his shoulder.,8,他肩上抬着两只死<unk>.,True,10.0,0.28056079149246216,hawks,0.2780654248781502,his,-0.008019238710403442,他把两个尸体抬过他的肩膀.,False,他肩上抬着两只死<unk>.,True
220,My roommate’s boyfriend is taking up two shelves of fridge space with his beer.,14,我室友的男朋友用他的<unk>酒占据了冰箱的两个架子.,True,10.0,0.5922811627388,beer.,0.5904913246631622,two,0.014496564865112305,我的室友的男朋友用他的东西占据了冰箱的两个架子,False,我室友的男朋友用他的<unk>酒占据了冰箱的架子.,True
132,"Hey, what do you say?",5,你的看法是什么?,False,,,,,,,,,,
318,The foliage and fruits contain tannic acid and are poisonous to cattle and humans.,14,"树叶和果实含有<unk>酸,对牛和人类有毒.",True,9.0,0.4557477533817291,tannic,0.45349593879655004,and,0.2934568226337433,"树叶和果实含有酸,对牛和人类有毒.",False,"叶子果实含有<unk>酸,对牛和人类有毒.",True
72,"Don't you dare switch away, I think rhymes are okay, since they never decay, I could do this all day.",20,"你别敢换个名字,我认为<unk>语没问题,因为它们永远不会腐烂,我可以整天这样做.",True,10.0,0.5629367828369141,rhymes,0.5628457719212747,are,0.1810329258441925,"你别敢换掉,我认为没事,因为他们永远不会腐烂,我可以这么做一整天.",False,"别敢换个名字,我认为<unk>语没问题,因为它们永远不会腐烂,我可以这么做一整天.",True
230,"Oh, I know it!",4,"<unk>,我知道!",True,2.0,0.6541357636451721,"Oh,",0.6541250744430727,know,-0.02058333158493042,我知道它!,False,"<unk>,我就是它!",True
89,"From the railway station in the distance came the sound of trains, ringing and rumbling.",15,"从远处的火车站听到火车的声音,<unk>和<unk>.",True,15.0,0.5620654225349426,"trains,",0.5611391018610448,station,0.028239965438842773,从远处的火车站听到<unk>声和<unk>声.,True,"从远处的铁路听到火车的声音,<unk>和<unk>.",True
197,Keep your shirt on.,4,保持你的<unk>衫上.,True,5.0,0.8665345311164856,shirt,0.865608578955289,on.,0.17521262168884277,继续你的.,False,留着你的<unk>衫,True
121,He transformed Somerleyton Hall into a typical East Anglian Tudor-Jacobean mansion.,11,他将索默莱顿大厅改造成一个典型的东英格兰图多尔-雅各布式豪宅.,False,,,,,,,,,,
92,"Genyo Takeda was born in Osaka, Japan.",7,塔克达出生在日本大阪.,False,,,,,,,,,,
60,"Crab flourish in Dungeness Bay, and crabbing is a popular local pastime.",12,"<unk>鱼在Dungeness湾繁荣, <unk>鱼是当地一个受欢迎的消遣.",True,2.0,0.36270612478256226,Crab,0.2718498855829239,a,0.005327492952346802,"在Dungeness湾繁荣, <unk>鱼是当地一个受欢迎的消遣.",True,"<unk>鱼在Dungeness湾繁荣, <unk>鱼是当地受欢迎的消遣.",True
38,"Bananas contain a lot of sugar, even though they are fruits.",11,"香<unk>含有大量的糖, 尽管它们是水果.",True,4.0,0.8527089953422546,Bananas,0.8469803389161825,are,0.00837010145187378,"虽然它们是水果,但含有大量的糖.",False,"香<unk>含有大量的糖, 尽管它们是水果.",True
159,I went stretching my legs clumsily and feeling my way in the dark.,13,"我<unk>拙地伸出腿,在黑暗中摸索着路.",True,3.0,0.11491148918867111,clumsily,0.10449095442891121,my,-0.053748346865177155,"我伸出腿,在黑暗中摸索路.",False,"我<unk>拙地伸出腿,感觉自己在黑暗中.",True
269,So now I'm a camel driver.,6,所以现在我是<unk>驼司机.,True,5.0,0.3684402108192444,camel,0.3682636466692202,a,-0.43639665842056274,所以现在我是司机.,False,所以现在我是<unk>驼司机.,True
19,"According to the recipe, we need mild mustard.",8,"根据食谱,我们需要温和的<unk>子.",True,11.0,0.783841609954834,mustard.,0.7834334931976628,need,0.06902140378952026,"根据食谱,我们需要温和的",False,"根据食谱,我们温和的<unk>末.",True
167,"If you lose your temper, don't look for it.",9,"如果你失去了<unk>气,不要寻找它.",True,5.0,0.16983169317245483,"temper,",0.1698245167681307,look,0.05572744458913803,如果你失去了你的不要寻找它.,False,"如果你失去了你的<unk>气,不要为它.",True
122,He turned on the microphone just as the hen was ready to squawk.,13,他打开麦克风正当<unk>准备<unk>叫.,True,9.0,0.9120777249336243,hen,0.9119565678774961,was,0.05286765098571777,"他打开了麦克风,正如准备<unk>叫.",True,他打开麦克风就像<unk>准备<unk>叫.,True
305,"The cornices of the room were mostly intact, but showed signs of damage from damp.",15,"房间的窗<unk>大多完好无损, 但显示湿度损坏的迹象.",True,6.0,0.6831033229827881,cornices,0.6816057683899999,damage,-0.0032032132148742676,"房间的大部分是完好无损的, 但显示湿度损坏的迹象.",False,"房间的窗<unk>大多完好无损, 但显示湿度的迹象.",True
413,Why are gully covers round?,5,为什么沟<unk>的盖子是圆的?,True,4.0,0.6896929740905762,gully,0.6788532799109817,Why,0.4373556971549988,为什么封面是圆的?,False,沟<unk>的盖子是圆的吗?,True
56,"Consequently, he made his money by selling refrigerators, and did not publish any works.",14,"因此,他通过出售冰箱来<unk>钱,并没有出版任何作品.",True,10.0,0.7169428467750549,money,0.5948448553681374,works.,0.039185941219329834,"因此,他通过出售冰箱来赚钱,并没有出版任何作品.",False,"因此,他通过出售冰箱来<unk>钱,",True
209,"Marc, would you please give me the fly swatter?",9,"马克,你能把<unk>击机给我吗?",True,8.0,0.281795859336853,"Marc,",0.2535879760980606,would,0.024845391511917114,你能把<unk>击机给我吗?,True,"马克,你能把<unk>击机给我吗?",True
332,"The men climbed the hill, and they were tired when they reached the top.",14,"这些人爬上了山,到达山顶时他们已经疲<unk>不堪.",True,15.0,0.9256290793418884,tired,0.6060863435268402,climbed,0.0892568826675415,"人们爬上了山,当他们到达山顶时,他们已经到了.",False,"人们爬上山,当他们到达山顶时,他们已经疲<unk>不堪.",True
136,His name is Barry Baldwin.,5,他的名字是巴里·<unk>德温.,True,8.0,0.703151524066925,Baldwin.,0.7022497967700474,His,0.01686006784439087,他的名字是巴里,False,他的名字是巴里·<unk>德温.,True
251,Right-sided and bilateral varicoceles do also occur.,7,右侧和双边的静脉瘤也发生.,False,,,,,,,,,,
79,Epidermal thickening is another characteristic histologic finding of psoriasis lesions.,10,皮肤厚化是<unk>病病病变的另一个特征组织学发现.,True,7.0,0.28833362460136414,psoriasis,0.27088048681616783,Epidermal,0.009769409894943237,皮肤加厚是病变的另一个特征组织学发现.,False,肥胖是<unk>病病病变的另一个特征组织学发现.,True
275,Stark naked. Under bare poles. In puris naturalibus.,8,"裸体,裸体,裸体,裸体,裸体.",False,,,,,,,,,,
411,Who is the blonde girl with the red skirt?,9,那个穿红<unk>子的金发女孩是谁?,True,6.0,0.4238342046737671,skirt?,0.42307971394620836,the,-0.04904663562774658,谁是那个穿红色衣服的金发女孩,False,穿红<unk>子的金发女孩是谁?,True
116,He remembered something his grandfather had once told him: that butterflies were a good omen.,15,他记得祖父曾经告诉他的一个事:<unk>蝶是个好兆头.,True,13.0,0.46037107706069946,butterflies,0.46036651886606705,omen.,0.1773754358291626,他记得祖父曾经告诉他的一个事:这是一个好兆头.,False,他记得祖父曾经告诉他的话:<unk>蝶是一种好东西.,True
400,We need grain to keep our mules healthy.,8,我们需要谷物来保持<unk>子的健康.,True,8.0,0.5729904770851135,mules,0.5729243806417799,need,-0.14364373683929443,我们需要谷物来保持健康.,False,我们为保持<unk>子健康而<unk>麦.,True
107,"He grew strawberries, so you would not like it.",9,"他种草<unk>,所以你不会喜欢它.",True,5.0,0.5865216255187988,"strawberries,",0.5865123572348239,grew,0.05417114496231079,"他长大了,所以你不会喜欢它.",False,"他吃草<unk>,所以你不会喜欢它.",True
137,"His nickname, ""Chocolate Thunder"", was bestowed upon him by Stevie Wonder.",11,"他的<unk>称""巧克力雷<unk>""是由斯蒂维·温德授予的.",True,3.0,0.6906152963638306,"nickname,",0.6904798709001625,Wonder.,0.12303656339645386,"他的""巧克力雷<unk>""是由斯蒂维·温德授予他的.",True,"他的<unk>称""巧克力雷<unk>""是由斯蒂维授予的",True
236,One can still see the scar where the acid was accidentally poured on my arm.,15,人们仍然可以看到我的手臂上意外倒下酸的伤痕.,False,,,,,,,,,,
25,Among his more notable interview subjects were Bob Marley and Lou Reed.,12,他的更著名的采访对象包括<unk>勃·马利和卢·里德.,True,9.0,0.4520261585712433,Bob,0.4519788579273154,Lou,0.005665302276611328,他的更著名的采访对象包括马利和卢·里德.,False,他的更著名的采访对象包括<unk>勃·马利和里德.,True
258,She bought three cod fishes to cook for dinner.,9,她买了三条<unk>鱼做晚餐.,True,7.0,0.7052009701728821,cod,0.7040026276372373,fishes,0.21653521060943604,她买了三条鱼做晚餐.,False,她买了三条<unk>鱼做晚餐.,True
278,Strike while the iron is hot Make hay while the sun shines.,12,"在铁还热的时候打,在阳光照耀的时候<unk>草.",True,15.0,0.13603872060775757,Make,0.134622824145481,while,0.12222339119762182,"趁热打铁,趁阳光照耀.",False,"在铁还热的时候打,让太阳发光.",False
340,"The overhand knot, for example, is also known as the thumb knot.",12,"例如,手上的结也被称为<unk>指结.",True,9.0,0.45856404304504395,thumb,0.44125282019376755,for,-0.014068186283111572,"例如,上方的结也被称为结.",False,"例如,手上的结也被称为<unk>指结.",True
389,Thomas was left paralyzed from the chest down.,8,托马斯从胸部下方被<unk>了.,True,12.0,0.26584434509277344,paralyzed,0.2550676027312875,down.,0.12967519462108612,托马斯从胸部下来被留下.,False,托马斯从胸部被<unk>了,True
274,Stalagmites or flowstone may form where the water drops hit the cave floor.,13,在水滴撞击洞穴地板的地方可能会形成石<unk>岩或流石.,True,15.0,0.4084063768386841,Stalagmites,0.4059442766010761,may,0.030984431505203247,在水滴撞击洞穴地板的地方可能会形成流石.,False,岩石或流石形成在水滴撞击洞穴地板的地方.,False
249,Restoration silver is characterized by embossed motifs for tulips and naturalistic fruit and leaves.,14,修复银的特点是郁金香和自然的水果和叶子的浮雕图案.,False,,,,,,,,,,
327,The internal doors of the house would need to be replaced because they were very ugly.,16,"房子的内部门需要更换, 因为它们非常丑<unk>.",True,15.0,0.7350949645042419,ugly.,0.680756788700819,the,-0.01043999195098877,"房子的内部门需要更换,因为它们非常",False,"房子的内部门需要更换, 因为它们非常丑<unk>.",True
113,He noticed the unequal cooling of its surface.,8,他注意到它的表面不均<unk>的冷却.,True,8.0,0.6133673191070557,unequal,0.5230412855744362,the,0.011022508144378662,他注意到它的表面正在冷却.,False,他注意到它的表面不均<unk>的冷却.,True
100,He approached the mass and was surprised at the size and the shape.,13,"他走近大群, 惊<unk>地看到它们的大小和形状.",True,10.0,0.8979798555374146,surprised,0.8810288906097412,mass,0.09154278039932251,"他接近了质量,并在大小和形状.",False,"他走近了,对它的大小和形状感到惊<unk>.",True
130,"Hey, don't go there!",4,"<unk>,不要去那里!",True,2.0,0.5096377730369568,"Hey,",0.509330719592981,there!,0.2102862000465393,不要去那里!,False,"嘿,不要去",False
52,Canned pears lack full flavor.,5,<unk>头的梨没有完整的味道.,True,2.0,0.6571170091629028,Canned,0.6311721205711365,full,0.02121037244796753,梨没有完整的味道.,False,<unk>头的梨没有味道.,True
385,This is a very large vegetable stand under a white tent.,11,这是一个非常大的蔬菜摊在白色帐<unk>下.,True,11.0,0.841878354549408,tent.,0.8061397597193718,vegetable,0.262526273727417,这是一个非常大的蔬菜摊位在白色,False,这是一个非常大的站在一个白色帐<unk>下.,True
330,The main and outrigger wheels were covered by streamlined clamshell doors when in flight.,14,主轮和外轮在飞行时被流线型<unk>壳门覆盖.,True,14.0,0.6518385410308838,clamshell,0.6512984102591872,The,-0.007853090763092041,主要和外<unk>轮在飞行时被流线式门覆盖.,True,主要和外<unk>轮在飞行时被流线<unk>壳门覆盖.,True
405,"When interfering, two waves can be added together to create a wave of greater amplitude than either one.",18,"在干扰时,可以将两个波<unk>在一起,产生一个比任何一个大幅度的波.",True,11.0,0.26453518867492676,together,0.23610066808760166,added,0.17821722477674484,"在干扰时,可以添加两个波,产生一个比任何一个大幅度的波.",False,"在干扰时,两个波可以在一起产生一个比任何一个大幅度的波.",False
295,"The boy prodded them, one by one, with his crook, calling each by name.",14,"这个男孩用他的<unk>子逐个<unk>着他们,叫每一个名字.",True,6.0,0.6388937830924988,"crook,",0.6388616857148008,prodded,0.25882741808891296,"这个男孩用名字叫着他们,一个接一个地<unk>着他们.",True,"这个男孩把他们一个接一个地带着他的<unk>子,叫每一个名字.",True
219,My mind ran on the possibilities of its content.,9,我的脑海里充满了内容的可能性,False,,,,,,,,,,
119,He stood irresolute for a moment and then scrambled out of the pit.,13,"他站了一会儿不决心,然后<unk>出坑.",True,12.0,0.4036047160625458,scrambled,0.4026131142163649,moment,0.1998775452375412,"他站了一会儿不决心,然后从坑里出来.",False,"他站不定一会儿,然后从坑里<unk>出来.",True
78,"Eggs, milk and flour are the main ingredients of pancakes.",10,"蛋,牛奶和面粉是<unk>饼的主要成分.",True,11.0,0.8264683485031128,pancakes.,0.8076353836804628,the,0.00019472837448120117,"蛋,牛奶和面粉是主要的成分",False,"蛋,牛奶和面粉是<unk>饼的主要成分.",True
277,"Strawberry curd, yummy!",3,"草<unk>奶酪,很好吃!",True,4.0,0.7784835696220398,Strawberry,0.7167213670909405,"curd,",0.026463329792022705,"奶酪,美味的!",False,草<unk>的美味!,True
16,A zyzzyva is an American weevil.,6,齐兹维娃是一种美国<unk>虫.,True,9.0,0.6563204526901245,weevil.,0.6561074268247467,A,-0.03733891248703003,一个Zyzzyva是美国人,False,齐兹维娃是一只美国<unk>虫.,True
393,To be the cock in the basket to be cock of the company.,13,"成为篮子中的<unk>子,成为公司的<unk>子.",True,7.0,0.8412737846374512,basket,0.8243710044771433,cock,0.07837587594985962,成为公司的<unk>子.,True,"要成为篮子中的<unk>子,成为公司的<unk>子.",True
395,Toulet engaged a correspondence with Machen and visited him in London.,11,"图莱与马<unk>进行了通信,并在伦敦拜访他.",True,7.0,0.3103982210159302,Machen,0.3097436567186378,a,-0.019692063331604004,图莱与他在伦敦进行了通信并访问了他.,False,"图莱与马<unk>进行了通信,并在伦敦拜访他.",True
437,"Zora, can you teach me how to yodel?",8,"佐拉,你能教我如何<unk>吗?",True,11.0,0.2186202108860016,yodel?,0.21856322553867358,to,0.01809386909008026,"佐拉,你能教我如何",False,"佐拉,你能教我如何<unk>吗?",True
182,It never rains but it pours.,6,"它从来不下雨,但却会下雨.",False,,,,,,,,,,
85,"Following Portsmouth's relegation, Diop was considered likely to be released.",10,"在波茨<unk>斯降级后,迪奥普被认为可能会被释放.",True,5.0,0.9125602841377258,Portsmouth's,0.8916845209896564,be,0.000877678394317627,"在降级后,迪奥普被认为可能会被释放.",False,"在波茨<unk>斯降级后,迪奥普被认为可能会被释放.",True
112,"He mashed in the controller buttons, hoping for some extra speed.",11,"他<unk>进控制器的按<unk>, 希望得到一些额外的速度.",True,3.0,0.1361585259437561,mashed,0.13295329734683037,extra,-0.008114352822303772,"他用控制器按钮,希望能获得额外的速度",False,"他<unk>进控制器的按<unk>,希望得到一些速度.",True
240,"Pencils down, time is over.",5,"放下<unk>笔,时间过去了.",True,4.0,0.8289220333099365,Pencils,0.8287880911229877,"down,",0.6700942665338516,"下,时间过去了.",False,<unk>笔的时间已经过去了.,True
388,This version of adamantium is not unbreakable.,7,这种版本的亚达曼<unk>不是不可破的.,True,8.0,0.9673749208450317,adamantium,0.9671660879103001,is,0.02989375591278076,这种版本不是不可破解的.,False,这种版本的亚达曼<unk>不是不可破的.,True
104,He disappeared into the tent.,5,他消失在帐<unk>里.,True,6.0,0.7989826202392578,tent.,0.7815082836896181,disappeared,0.06635236740112305,他消失在了,False,他进了帐<unk>.,True
147,I don't like coconuts.,4,我不喜欢<unk>子.,True,4.0,0.7061030864715576,coconuts.,0.7060231376162847,like,0.08525389432907104,我不喜欢,False,我不吃<unk>子.,True
344,The point of the steel pen was bent and twisted.,10,钢笔的尖端被<unk>曲和扭曲了.,True,9.0,0.6595783829689026,bent,0.6557105153333396,of,0.0174940824508667,钢笔的尖端是扭曲的.,False,钢笔被<unk>曲和扭曲的点.,True
141,I am not surprised.,4,我并不惊<unk>.,True,5.0,0.7561026811599731,surprised.,0.70016685500741,I,0.07652062177658081,我不是,False,我并不惊<unk>.,True
282,Tea in thin china has a sweet taste.,8,薄<unk>的茶有甜的味道.,True,4.0,0.33955955505371094,thin,0.33916277255048044,has,0.0854053795337677,中国的茶有甜的味道.,False,薄<unk>的茶是一种甜味.,True
139,How many layers of irony are you on?,8,你有多层的<unk>刺?,True,6.0,0.8605966567993164,irony,0.8600745462463237,many,0.037378787994384766,你有多少层?,False,你有多层的<unk>刺?,True
208,Mantled gules doubled argent.,4,蒙蔽的金色加倍的金色.,False,,,,,,,,,,
201,"Lifeguards were standing on a tower, staring at the water.",10,"救生员站在塔上,<unk>着水面.",True,10.0,0.19237060844898224,staring,0.19210889638634399,the,0.04443679749965668,救生员站在水边的塔上,False,"救生员站在塔上,凝视着水面.",False
365,Their eggs were particularly vulnerable to crows and other natural predators.,11,它们的<unk>蛋特别容易受到乌<unk>和其他自然捕食者的攻击.,True,4.0,0.37392666935920715,eggs,0.3229222632944584,were,-0.0021986067295074463,它们特别容易受到乌<unk>和其他自然捕食者的攻击.,True,它们的<unk>蛋特别容易受到乌<unk>和其他自然捕食者的攻击.,True
321,"The grim reaper is waiting for you, reckless driver!",9,"凶手正在等待你,鲁<unk>的司机!",True,10.0,0.8878512382507324,reckless,0.871811032295227,"you,",0.05394434928894043,"凶手正在等着你,司机!",False,悲惨的收割者正在等待鲁<unk>的司机!,True
404,"When he saw the storm clouds in the sky, Jaka wished he would have remembered his umbrella.",17,"当他看到天空的风暴云时,贾卡希望他能记住他的雨<unk>.",True,22.0,0.5987728238105774,umbrella.,0.5962675528135151,the,0.00796055793762207,"看到天空中的暴风云,Jaka 愿他记得自己的",False,"当他看到天空上的暴风云时,贾卡希望他能记住他的雨<unk>.",True
71,"Don't knock on death's door, ring the doorbell and run.",10,"不要敲死亡的门,敲门<unk>,然后跑.",True,10.0,0.8898425102233887,doorbell,0.8890279490733519,knock,0.012560784816741943,"不要敲死亡的门,敲门跑",False,"不要在死亡的门,敲门<unk>,跑.",True
226,Nothing dries sooner than a tear.,6,没有什么比眼<unk>更快地干燥.,True,6.0,0.680738091468811,tear.,0.6507646907120943,sooner,0.05043435096740723,没有什么比一个,False,没有什么比眼<unk>更干燥.,True
242,Pitch the straw through the door of the stable.,9,把<unk>子扔进马<unk>的门.,True,3.0,0.2579132318496704,straw,0.2551094943191856,the,0.07748021185398102,通过马<unk>的门投<unk>.,True,通过马<unk>的门投<unk>草.,True
245,Please don't be lazy.,4,请不要<unk>惰.,True,4.0,0.5850622653961182,lazy.,0.5847382895299233,don't,0.42877043783664703,请不要,False,请<unk>惰.,True
397,Use a pencil to write the first draft.,8,使用<unk>笔写下第一份草稿.,True,3.0,0.5446447730064392,pencil,0.5442728592315689,to,0.04275888204574585,使用 a 编写第一份草稿,False,用<unk>笔写下第一个草稿.,True
24,All work and no play makes Jack a dull boy.,10,所有的工作和没有玩<unk>让杰克一个无聊的男孩.,True,8.0,0.5340386033058167,play,0.5266367984004319,a,-0.05618274211883545,所有的工作和没有让杰克一个无聊的男孩.,False,所有的工作和没有玩<unk>让杰克沉闷的男孩.,True
229,"Oh, I beg your pardon!",5,"<unk>,我求你原谅!",True,2.0,0.5592538714408875,"Oh,",0.5581732691498473,I,0.0238955020904541,我道歉!,False,"<unk>,请原谅我!",True
342,"The penguin waddles across the ice, joining her companions.",9,"企<unk>在冰上漫步, 加入她的同伴.",True,4.0,0.6625279188156128,penguin,0.6497821100056171,joining,0.05097538232803345,"在冰上摇摇晃晃地,加入她的同伴.",False,"企<unk>在冰上漫步,她的同伴.",True
254,Samuel wrote in his testament that his grandchildren should inherit all his money.,13,"塞<unk>尔在遗嘱中写道,他的孙子应该继承他的所有钱.",True,4.0,0.8307285904884338,Samuel,0.8302261523203924,should,-0.003155231475830078,"在他的遗嘱中写道,他的孙子应该继承他的所有钱.",False,"塞<unk>尔在遗嘱中写道,他的孙子会继承他的所有钱.",True
148,I guess I used all the shells.,7,我想我用了所有的弹<unk>.,True,8.0,0.6714991927146912,shells.,0.6468090396374464,all,0.4028909206390381,我想我用了所有的,False,我想我用了弹<unk>.,True
350,The steady drip is worse than a drenching rain.,9,稳定的滴水比浸泡的雨更糟糕.,False,,,,,,,,,,
13,"A trill, or shake A triplet.",6,"一个<unk>声,或者摇动一个三重奏.",True,3.0,0.3749830424785614,"trill,",0.3720402584876865,shake,0.23123237490653992,A 或摇动A三重奏.,False,"一个三<unk>,或者一个三<unk>.",True
166,"If one illuminates ""two"" parallel slits, the light from the two slits again interferes.",14,"如果照亮""两个""平行<unk>口, 两个<unk>口的光再次干扰.",True,10.0,0.2810038626194,"slits,",0.28084311523707584,one,0.03470428287982941,"如果一个照亮""两""并行, 来自两个<unk>的光再次干扰.",True,"如果照亮""两个""平行<unk>口,来自两个<unk>口的光再次干扰.",True
110,He just got a new kite for his birthday.,9,他刚刚为生日买了一只新的风筝.,False,,,,,,,,,,
286,The Girl Guide emblem is set upon a banner of the flag of Estonia.,14,女孩导游的标志是设置在爱沙尼亚国旗的旗<unk>上.,True,18.0,0.9430066347122192,Guide,0.31334418058395386,banner,0.12029421329498291,这位女孩的标志被设置在爱沙尼亚国旗的旗<unk>上.,True,女孩导游的标志是设置在爱沙尼亚的旗<unk>上.,True
331,The matter of the overall pennant was apparently never decided.,10,整体旗<unk>的问题显然从来没有决定过.,True,5.0,0.9555649757385254,pennant,0.9109077267348766,was,0.0005868077278137207,整体问题显然从来没有决定过.,False,整体旗<unk>的问题显然从来没有决定.,True
150,"I had to teach my nephew the facts of life, because his parents are prudes.",15,"我不得不教我的<unk>子生活的事实, 因为他的父母是谨慎的.",True,6.0,0.8025081753730774,nephew,0.8024560698104324,of,-0.0029211044311523438,"我不得不教我的生活事实, 因为他的父母是谨慎的.",False,"我不得不教我的<unk>子生活的事实, 因为他的父母是谨慎的.",True
428,You mean spies and things like that?,7,你的意思是间<unk>和类似的东西?,True,6.0,0.8753505945205688,spies,0.860383054241538,like,0.01868295669555664,"你的意思是,和类似的东西?",False,你的意思是间<unk>和那些东西?,True
403,"When he saw Henderson in his garden, he called over the fence and made himself understood.",16,"当他看到亨德森在他的花园,他叫过<unk>,让自己明白.",True,16.0,0.45623335242271423,fence,0.4561573776300065,he,0.04350900650024414,"当他看到亨德森在他的花园,他叫过来,让自己明白.",False,"当他看到亨德森在他的花园,叫过<unk>,并让自己理解.",True
410,Who is responsible for these parrots?,6,这些<unk>是谁造成的?,True,3.0,0.7458860874176025,parrots?,0.7458334873517742,is,0.03966289758682251,谁负责这些,False,这些<unk>是谁造成的?,True
205,Little fluffy clouds that seemed to have come straight from a child’s painting.,13,毛<unk>的小云似乎直接来自一个孩子的画作.,True,4.0,0.4273420572280884,fluffy,0.4195265946909785,to,0.02328220009803772,似乎直接从一个孩子的画中出来的小云.,False,毛<unk>的小云似乎直接来自一个孩子的画作.,True
154,"I like the avenger of the new episode, he really is a badass.",13,"我喜欢新集的复仇者, 他真的是个坏人.",False,,,,,,,,,,
65,Do the roses compete in athletic events?,7,<unk>在体育比赛中参加比赛吗?,True,2.0,0.5290586948394775,roses,0.5289045752579113,compete,0.20872342586517334,他们参加体育比赛吗?,False,<unk>在体育赛事中发挥作用吗?,True
303,The concrete was covered in moss.,6,混凝土被<unk>覆盖了.,True,7.0,0.6546927094459534,moss.,0.6511300872080028,was,0.037062227725982666,混凝土被覆盖在,False,混凝土覆盖着<unk>.,True
429,You should've learned that thumbnails with women wearing plunging necklines are just click bait.,14,"你应该知道,女人穿着深<unk>的<unk>部的缩影只是点击诱<unk>.",True,10.0,0.2803365886211395,bait.,0.17631466686725616,women,0.12666358053684235,"你应该知道,女人穿着深<unk>的<unk>部的缩影只是点击",True,"你应该知道,戴着深<unk>的<unk>部的缩影只是点击诱<unk>.",True
323,The homeless seem to like soup.,6,无家可归的人似乎喜欢<unk>.,True,9.0,0.5358229279518127,soup.,0.5357897253634292,to,0.07370373606681824,无家可归的人似乎喜欢,False,无家可归的人看起来像是<unk>.,True
131,"Hey, stop staring at my decollete!",6,"<unk>,停止<unk>着我的<unk>部!",True,2.0,0.7012032270431519,"Hey,",0.7001651474274695,decollete!,0.39284563064575195,停止<unk>着我的<unk>部!,True,"嘿,别盯着我的眼睛",False
155,I saw astonishment and horror on the faces of the people around me.,13,我看到周围的人的脸上表现在惊<unk>和恐惧.,True,12.0,0.5158044695854187,astonishment,0.4668637253344059,I,0.04874727129936218,我看到周围人们的脸上充满了恐惧.,False,我看到周围人们的脸上表现在惊<unk>和恐惧.,True
171,"In Ireland, the butter is always salted, why would anyone want it any other way?",15,"在爱尔兰,黄油总是加盐的,为什么有人会想要其他方式?",False,,,,,,,,,,
346,The river is tidal when it passes through Dargaville.,9,"当河流经过达尔加维尔时,潮<unk>会涌来.",True,14.0,0.4102497100830078,tidal,0.4050023597665131,when,0.3567136526107788,河流是当它经过达尔加维尔.,False,"这条河是潮<unk>的, 它经过达尔加维尔.",True
248,Pull the hook to toggle the jukebox.,7,拉开<unk>子来开启音乐机.,True,4.0,0.42616385221481323,Pull,0.41813195776194334,the,-0.04350239038467407,勾动音乐机的勾动,False,拉开<unk>子来开启音乐盒.,True
47,But horses tire bit by bit.,6,但马匹逐渐疲<unk>.,True,8.0,0.5677880644798279,tire,0.4425031691789627,bit.,0.18482208251953125,但马一点一点地.,False,但马匹会慢慢疲倦,False
291,The band's sound is distinctive due to the powerful vocals of singer Sonia Pineault.,14,"乐队的声音是独特的,因为歌手索尼亚·皮内奥的强大声乐.",False,,,,,,,,,,
261,She got the Congressional Medal of Honor!,7,她获得了国会荣誉<unk>章!,True,7.0,0.6899251937866211,Medal,0.6845753523521125,the,0.06225752830505371,她获得了国会荣誉奖!,False,她获得了国会荣誉<unk>章!,True
168,"If you want a sandwich, don't hesitate grabbing one.",9,"如果你想要一个三明治,不要犹<unk>抓住一个.",True,11.0,0.9029179811477661,hesitate,0.4882071614265442,grabbing,0.004396378993988037,"如果你想要一个三明治,不要抓住一个.",False,"如果你想要一个三明治,不要犹<unk>.",True
84,Five years he lived with a shaggy dog.,8,他和一只毛茸茸的狗生活了五年,False,,,,,,,,,,
115,He once lent his distinctive voice to an advert for the blackcurrant drink Ribena.,14,他曾经用自己的独特声音为黑<unk>饮料Ribena的广告做广告.,True,11.0,0.44453293085098267,blackcurrant,0.4217863231897354,He,0.005264014005661011,他曾经用自己的独特声音为Ribena饮料的广告做广告.,False,他曾经用自己的独特声音为黑<unk>饮料Ribena的广告做广告.,True
128,"Hey Lucy, have you remembered the lyrics for the anthem yet?",11,"<unk>,露西,你已经记得了国歌的歌词了吗?",True,2.0,0.5134577751159668,Hey,0.4942089021205902,have,0.00426405668258667,"露西,你已经记得了国歌的歌词了吗?",False,"<unk>,露西,你还记得国歌的歌词吗?",True
187,"It was steel, a fisher trap.",6,"这是一个钢铁,一个渔民陷<unk>.",True,10.0,0.8589784502983093,trap.,0.8570122697856277,It,0.030913472175598145,"这是一个钢铁,一个渔民",False,"是钢铁,一个渔民陷<unk>.",True
186,It was replaced by Mowinckel's Third Cabinet.,7,它被莫温克尔的第三个内<unk>所取代.,True,11.0,0.8454964756965637,Cabinet.,0.789871733635664,Third,0.009827852249145508,它被莫温克尔的第三代取代,False,它被莫温克尔的内<unk>所取代.,True
246,"Please stop the recording by pressing the button again, when you have finished reading this sentence.",16,"请在读完这句话后,再次按下按<unk>来停止录制.",True,14.0,0.8072939515113831,button,0.28537118434906006,finished,0.01785331964492798,"请在读完这句话后,再次按下停止录制",False,"请在读完这句话后,再次按下按<unk>来停止录制.",True
23,"All of the species from this family have free-living, aquatic tadpoles.",11,这一家族的所有物种都有自由生活的水生<unk>.,True,12.0,0.22903554141521454,tadpoles.,0.22719333693385124,have,0.10530433803796768,"这一家族的所有物种都有自由生活,水生",False,"这一家族的所有物种都是自由生活,水生<unk>.",True
372,"There were raised voices,and some sort of struggle appeared to be going on. .",14,"有一些声音<unk>起, 似乎正在发生某种斗争.",True,5.0,0.2683820128440857,raised,0.2683593295914761,sort,0.036061838269233704,"有声音,似乎正在发生某种斗争.",False,"有一些声音<unk>起, 似乎有一些斗争正在进行.",True
426,You have enough gold to buy many sheep and many camels.,11,你有足够的黄金来买很多羊和许多<unk>驼.,True,12.0,0.6715158820152283,camels.,0.6714163633660064,many,-0.017858922481536865,你有足够的黄金来买很多羊和很多,False,你有足够的黄金来买羊和许多<unk>驼.,True
215,Most of them were staring quietly at the big table.,10,他们大多静静地盯着大桌子,False,,,,,,,,,,
348,The school's mascot is the golden eagle and their colors are gold and green.,14,"学校的吉祥物是金<unk>,他们的颜色是金色和绿色.",True,9.0,0.554810106754303,eagle,0.5543878543830942,The,-0.025497257709503174,"学校的吉祥物是金色,他们的颜色是金色和绿色.",False,"学校的吉祥物是金<unk>, 颜色是金色和绿色.",True
432,You will need some rubber boots.,6,你需要一些<unk>靴.,True,5.0,0.4243276119232178,rubber,0.4223752520047128,boots.,-0.047554194927215576,你需要一些靴子.,False,你需要一些<unk>.,True
259,"She danced like a swan, tall and graceful.",8,"她像天<unk>一样跳舞,高大优雅.",True,5.0,0.8911318182945251,"swan,",0.8791359756141901,a,0.03674888610839844,她跳舞得像一个高大优雅的人.,False,"她像天<unk>一样跳舞,高大优雅.",True
169,"If you want to send me private feedback, please fill out the following form.",14,"如果您想给我私人反<unk>,请填写下面的表格.",True,7.0,0.6205134987831116,"feedback,",0.620040496083675,the,0.02288353443145752,"如果您想私下发送给我,请填写以下表格.",False,"如果您想给我私人反<unk>,请填写以下表格.",True
233,"Oh, you are, eh?",4,"<unk>,你是,是吗?",True,2.0,0.6586838960647583,"Oh,",0.6585460388741922,you,0.006999552249908447,"你是,是吗?",False,"<unk>,是的吗?",True
374,"There, he awards both Ziwei and Xiaoyanzi with a gold insignia.",11,"在那里,他授予齐威和晓<unk>金牌.",True,11.0,0.8531942367553711,Xiaoyanzi,0.838533972389996,awards,0.025456905364990234,"在那里,他授予齐威和金牌.",False,"在那里,他与齐威和晓<unk>齐都获得了金牌.",True
7,A mother and son walk together while the son carries a flag.,12,"母亲和儿子一起走路,儿子携带着旗<unk>.",True,15.0,0.4561942219734192,flag.,0.36274509131908417,son,-0.09432864189147949,"母亲和儿子一起走路,儿子抱着一个",False,一个母亲和儿子携带旗<unk>一起走路.,True
264,She stared at him.,4,她<unk>着他看.,True,3.0,0.7291606664657593,stared,0.7289011465618387,She,0.5339792668819427,她在他身上.,False,盯着他,False
422,"Yesterday he felt invincible, now he has a hangover.",9,"昨天他觉得自己是无敌的,现在他<unk>了.",True,14.0,0.22825181484222412,hangover.,0.22821153775657876,"invincible,",0.20775139890611172,"昨天他觉得自己是无敌的,现在他有一个",False,昨天他觉得现在他有一个<unk>.,True
111,"He kept driving at full speed, totally unfazed by the flap, flap, flap of the burst tyre.",17,"他继续以全速开车, 完全不受破裂轮胎的<unk>,<unk>,<unk>的影响.",True,19.0,0.5706520676612854,tyre.,0.5540405064821243,the,0.013550043106079102,"他继续以全速开车,完全不受爆炸的摇摇晃晃的影响",False,"他继续以全速开车, 完全不受破裂轮胎的<unk>,<unk>,<unk>的影响.",True
124,He who rises late must trot all day.,8,迟起床的人必须整天<unk>步.,True,10.0,0.43180182576179504,trot,0.4229401731863618,late,0.4144248254597187,迟起床的人必须整天,False,"谁起床,他必须整天<unk>步.",True
0,A chink in the wall allowed a draft to blow.,10,墙上的一个<unk>隙使得气流可以吹.,True,6.0,0.7692540287971497,chink,0.7679437297629192,A,-0.05818682909011841,墙上的A允许吹风.,False,墙上的<unk>隙使得空气流动.,True
307,The crash of the UFO shows that extraterrestrials are also vulnerable.,11,UFO的坠毁表明外星人也很脆弱.,False,,,,,,,,,,
157,"I want my garden to be filled with roses, petunias and passion flowers.",13,"我希望我的花园充满<unk>,花<unk>和激情花.",True,7.0,0.9500355124473572,"roses,",0.4382858872413635,petunias,0.010602295398712158,我希望我的花园充满<unk>花和激情花.,True,"我希望我的花园充满<unk>,和激情花.",True
438,"the camel drivers exchanged information about windstorms, and told stories about the desert.",13,"<unk>驼司机交换关于风暴的信息, 并讲述关于沙漠的故事.",True,2.0,0.46642056107521057,camel,0.4645689348690212,and,0.03105732798576355,"司机们交换了关于风暴的信息, 讲述了关于沙漠的故事.",False,"<unk>驼司机交换关于风暴的信息, 讲述关于沙漠的故事.",True
317,The flock of flamingos landed gracefully on their awkward looking legs.,11,一群火<unk>鸟在它们<unk>拙的腿上优雅地降落.,True,5.0,0.44863468408584595,flamingos,0.2431125044822693,their,0.004953265190124512,群落的优雅地降落在他们的<unk>拙的腿.,True,这群火<unk>鸟在<unk>拙的腿上优雅地降落.,True
235,"On the third day, the chief met with his officers.",10,"在第三天,首领与他的军官见面.",False,,,,,,,,,,
298,"The boy was surprised, and then irritated.",7,"这个男孩很惊<unk>,然后生气.",True,6.0,0.7635573148727417,"surprised,",0.20897328853607178,The,-0.059698402881622314,"这个男孩是,然后生气.",False,"这个男孩很惊<unk>,然后很生气.",True
200,Lichen planus may be categorized as affecting mucosal or cutaneous surfaces.,11,湿疹可以被归类为影响粘膜或皮肤表面.,False,,,,,,,,,,
80,Every cock crows loud on his own dunghill.,8,每个<unk>都在自己的粪堆上大声<unk>.,True,4.0,0.6976942420005798,cock,0.6435245275497437,his,0.019146084785461426,每个人都在自己的粪堆上大声<unk>叫.,True,每个<unk>在自己的粪堆上大声<unk>.,True
339,The original trim lines were replaced with gray and blue cinderblock tiles.,12,原来的装饰线被灰色和蓝色的<unk>块<unk>所取代.,True,13.0,0.22378866374492645,trim,0.15037184208631516,tiles.,0.07262113690376282,原来的线条被灰色和蓝色的<unk>块<unk>所取代.,True,原来的装饰线被灰色和蓝色的<unk>石所取代,True
406,"When the carpet and the curtains caught fire, it was getting warm.",12,"当地毯和窗<unk>着火时,天气开始变暖.",True,7.0,0.6892367601394653,curtains,0.6353818066418171,"fire,",0.07265841960906982,"当地毯和火焰开始时, 越来越热.",False,当地毯和窗<unk>抓住它开始变暖.,True
244,Please could you draw the curtains?,6,请你拉下窗帘吗?,False,,,,,,,,,,
255,Save a thief from the gallows and he will cut your throat.,12,"拯救一个小偷从<unk>架,他会切断你的喉<unk>.",True,8.0,0.5040161609649658,gallows,0.5039881177181087,the,0.029105693101882935,"拯救一个小偷,他会割断你的喉咙.",False,"拯救一个小偷从<unk>架,他会切断你的喉<unk>.",True
423,Ying told us to bring extra strawberries.,7,<unk>告诉我们带更多的草<unk>.,True,2.0,0.5187432765960693,Ying,0.518701088411035,told,0.5161569816991687,告诉我们带多一些草<unk>.,True,让我们带来更多的草<unk>.,True
164,I'm planning to buy some topological maps for my research.,10,我打算为我的研究购买一些拓<unk>地图.,True,10.0,0.7562577128410339,topological,0.7472777022048831,to,-0.010713934898376465,我打算为我的研究购买一些地图.,False,我打算为我的研究购买一些拓<unk>地图.,True
135,"His hands were abraded and exhausted, but he listened to his heart.",12,"他的手被磨损和疲<unk>, 但他听从他的心.",True,9.0,0.8012229204177856,"exhausted,",0.7250850945711136,and,0.21226555109024048,"他的手被磨损了,但他听从了他的心.",False,"他的手被磨损了,但他听从了他的心.",False
190,"It's ok, don't hold back!.",5,"没事,不要<unk>住!",True,7.0,0.09435229748487473,hold,0.09429172003365238,don't,0.09170876699499786,"没事,不要回来!",False,"没事,稍等一下!",False
53,Capsella rubella is studied as a model for understanding the evolution of self-fertilization.,13,红<unk>菌被研究为理解自我受精演变的模型.,True,4.0,0.227044939994812,rubella,0.1438627690076828,understanding,-0.02073626220226288,胶囊作为理解自我受精演化的模型进行研究.,False,红<unk>菌被研究为自我受精演化的模型.,True
384,"This beer has been brewed in Germany, more specifically in Bavaria.",11,"这种<unk>酒是在德国,更具体地说是在巴伐利亚<unk>造的.",True,3.0,0.6877154111862183,beer,0.5143986493349075,has,0.015625417232513428,"这是在德国,更具体地说是在巴伐利亚<unk>造的.",True,"这种<unk>酒是在德国,更具体地说是在巴伐利亚<unk>造的.",True
300,"The camel driver, though, seemed not to be very concerned with the threat of war.",15,"然而, <unk>驼司机似乎并不太担心战争的威胁.",True,4.0,0.7983871698379517,camel,0.7978479245211929,seemed,-0.04820936918258667,"然而,司机似乎并不太担心战争的威胁.",False,"然而, <unk>驼司机并不太担心战争的威胁.",True
302,The cliffs are made of soft marl clay and are subject to erosion.,13,"这些悬崖由软<unk>粘土制成,",True,7.0,0.3047812283039093,marl,0.2912140805274248,soft,0.24525902047753334,"这些悬崖由软粘土组成,",False,"这些悬崖是由<unk>粘土制成的,",True
134,"His hands began to tremble, and the woman sensed it.",10,"他的手开始<unk>,和女人感觉到它.",True,5.0,0.5620480179786682,"tremble,",0.539737781509757,His,0.08196744322776794,"他的手开始,女人感觉到它.",False,"她的手开始<unk>,女人感觉到这一点.",True
2,A group of men play xylophones in a concert space filled with percussion instruments.,14,一群男人在一个充满打击乐器的音乐厅里演奏<unk>音器.,True,16.0,0.11892274022102356,xylophones,0.11878070324019063,men,0.05871308967471123,一群男人在一个充满打击乐器的音乐厅里演奏,False,一群演奏<unk>音器的人在一个充满打击乐器的音乐厅里.,True
223,"No, this does not come as a surprise.",8,"不,这并不令人惊<unk>.",True,8.0,0.7894386053085327,surprise.,0.26846808195114136,as,0.05439549684524536,"不,这不是一个",False,"不,这并不令人惊<unk>.",True
212,Meyenberg became a very profitable company because of its government contracts.,11,"由于政府合同, 梅恩伯格成为一家非常<unk>利的公司.",True,13.0,0.6143617033958435,profitable,0.6099143899045885,very,0.12842786312103271,梅恩伯格公司因其政府合同而成为一家非常著名的公司.,False,"梅恩伯格成为一家<unk>利的公司,",True
6,A missing parrot is called a polygon.,7,一个失踪的<unk>被称为多边形.,True,6.0,0.5484790802001953,parrot,0.5484538907130627,a,0.0009079575538635254,一个缺失的被称为多边形.,False,一个失踪的<unk>叫做多边形.,True
160,I woke up to the screech of my neighbor practicing trumpet.,11,我醒来时听到邻居在练习喇<unk>的尖叫声.,True,13.0,0.6174660921096802,trumpet.,0.6096258154138923,up,0.01120668649673462,我醒来时听到邻居的尖叫声,False,我醒来时听到邻居在练习喇<unk>的尖叫声.,True
387,This isn't a doss house.,5,这不是一个DOS房子.,False,,,,,,,,,,
292,The blond woman in the jean jacket clenched her fists as she walked away.,14,穿着牛仔<unk>的金发女人走开时握住了拳头.,True,7.0,0.667688250541687,jean,0.5352217108011246,walked,0.026704847812652588,穿着夹克的金发女人走开时握住了拳头,False,"穿着牛仔<unk>的金发女人紧紧握住拳头,走开了.",True
352,The students colored with their crayons.,6,学生们用<unk>笔着色.,True,6.0,0.37396132946014404,crayons.,0.37372715678066015,The,-0.017690598964691162,学生们用他们的颜色,False,学生们用<unk>笔着色.,True
308,The crowd swayed a little as I elbowed my way through.,11,"当我<unk>肘穿过时,人群有点摇摆.",True,4.0,0.4822978675365448,elbowed,0.48114365560468286,crowd,0.047862619161605835,群众摇摇欲<unk>地走过我.,True,"当我<unk>肘穿过时,它有点摇摆.",True
125,Helene shuddered and covered her face spasmodically with her hands.,10,"Helene 颤抖着,用手 spasmodically 遮住了她的脸",False,,,,,,,,,,
34,"As they packed their bags, the tsunami sirens sounded once more across the bleak shores.",15,"他们打包行李时,海<unk>警报再次响起.",True,10.0,0.8839277625083923,tsunami,0.33131271600723267,sounded,0.04439437389373779,"他们打包行李时,警报声再次响起.",False,"他们打包行李时,海<unk>警报再次响起,",True
61,Crack the walnut with your sharp side teeth.,8,用你的尖<unk>的侧牙打破核桃.,True,5.0,0.805683970451355,sharp,0.7910648686811328,walnut,0.05094921588897705,用你的侧牙打破核桃.,False,用你的尖<unk>的侧牙打破它.,True
386,This is why oral rehydration salts include both sodium and glucose.,11,这就是为什么口服补水盐包括<unk>和葡萄糖的原因.,True,9.0,0.6296475529670715,sodium,0.587516289204359,salts,0.27375856041908264,这就是为什么口服补水盐包括葡萄糖和葡萄糖的原因.,False,这就是为什么口服补水包括<unk>和葡萄糖的原因.,True
37,"Bacardi, rye, vodka – what do you want?, asked the barkeeper.",11,"巴卡迪,<unk>,伏特加<unk>你想要什么?酒吧老板问.",True,6.0,0.22238068282604218,"Bacardi,",0.1825374737381935,do,0.015136584639549255,"<unk>麦,伏特加<unk>你想要什么? <unk>吧主问.",True,"巴卡迪,<unk>,伏特加<unk>你想要什么?酒吧老板问.",True
93,"Glass eel is on the menu today, but it's too expensive.",11,"玻璃<unk>鱼在今天的菜单上, 但它太贵了.",True,4.0,0.7104127407073975,eel,0.7098592057591304,"today,",0.026224374771118164,"今天菜单上有玻璃,但太贵了.",False,"玻璃<unk>鱼在菜单上, 但它太贵了.",True
183,"It produces principally maize, potatoes, apples, pear and plum.",9,"它主要生产玉米,土豆,<unk>果,梨和梅.",True,11.0,0.8306900262832642,"apples,",0.7951373569667339,"maize,",0.026582658290863037,"它主要生产玉米,土豆,梨和梅.",False,"它主要生产土豆,<unk>果,梨和梅.",True
433,You've got the brain of a pancake.,7,你有<unk>饼的大脑.,True,4.0,0.36940938234329224,pancake.,0.3675743034109473,You've,0.19207461178302765,你有个大脑,False,有一个<unk>饼的大脑.,True
162,"I'm an old, superstitious Arab, and I believe in our proverbs.",11,"我是一个老,迷信的阿拉伯人, 我相信我们的<unk>语.",True,15.0,0.8147554397583008,proverbs.,0.8147304398025881,our,0.461911141872406,"我是一个老,迷信的阿拉伯人,",False,"我是一个老,迷信的阿拉伯人, 我相信<unk>语.",True
161,"I'd like to order some cinnamon pretzels, please.",8,"我想要订购一些肉<unk>饼干,请.",True,8.0,0.8604535460472107,cinnamon,0.676786944270134,some,0.003120124340057373,"我想要订一些<unk>饼,请.",True,"我想要订购肉<unk>饼干,请.",True
252,"Roll the dice, please.",4,"投<unk>子,请.",True,4.0,0.6964492201805115,"dice,",0.5304491966962814,the,0.003376781940460205,请滚动.,False,"投<unk>子,请.",True
266,"Simon tried to evade, but Timmy restrained him.",8,"西蒙试图逃避,但蒂米<unk>住了他.",True,11.0,0.21586443483829498,restrained,0.21278238273225725,tried,-0.001486167311668396,"西蒙试图逃避,但蒂米他.",False,"西蒙逃避,但蒂米<unk>住了他.",True
174,Is that how your niece began?,6,你的<unk>女是这样开始的吗?,True,3.0,0.7211650013923645,niece,0.72052832582267,Is,0.05801147222518921,这就是你的开始吗?,False,你的<unk>女是如何开始的?,True
391,"Tiffany told us, the bench is made of beech wood.",10,"蒂<unk>尼告诉我们,这张长凳是用<unk>木制成的.",True,4.0,0.3431476354598999,Tiffany,0.33710807422176003,told,0.06186568737030029,"告诉我们,这张长凳是用<unk>木制成的.",True,"蒂芬尼,这张长凳是用<unk>木制成的.",True
311,"The diver forced open the oyster, revealing a shimmering pearl.",10,"这位潜水员强行打开了<unk>,发现了一颗闪闪发光的珍珠.",True,10.0,0.6675032377243042,"oyster,",0.6475648228079081,a,0.011396944522857666,这位潜水员强行打开了闪闪发光的珍珠.,False,"这位潜水员强行打开了<unk>, 发现了闪闪发光的珍珠.",True
371,"There was also a sequel, ""Pet Sematary Two"".",8,"还有一个续集, ""<unk>动物墓地二"".",True,9.0,0.653903067111969,"""Pet",0.6522743487730622,There,0.0706627368927002,"还有一个续集,Sematary Two",False,"也有一个续集, ""<unk>动物墓地二"".",True
359,The two halves were joined together by a narrow tendril in Waller County.,13,这两个半部分在沃勒县被一个狭窄的<unk>连接在一起.,True,15.0,0.42361027002334595,tendril,0.4051685370504856,a,0.019637852907180786,这两个半部分在沃勒县的狭<unk>河中连接在一起.,True,这两个半部分在沃勒县被狭窄的<unk>连接在一起.,True
43,Best to bend it while it's a twig.,8,最好在它还是一根树枝时<unk>曲它.,True,12.0,0.5268300771713257,bend,0.5264468009991106,a,0.05486500263214111,最好在它还是一根树枝的时候.,False,最好在树枝还长的时候<unk>曲.,True
152,"I like apples, pears, and pomegranate, but I do like strawberries or grapes.",13,"我喜欢<unk>果,梨和石榴,但我喜欢草<unk>或葡萄.",True,4.0,0.7082021832466125,"apples,",0.6742836385965347,I,0.008263349533081055,"我喜欢梨和石榴,但我喜欢草<unk>或葡萄.",True,"我喜欢<unk>果,梨和石榴, 但喜欢草<unk>或葡萄.",True
195,"Jeez, you look stoned!",4,"天哪,你看起来很<unk>!",True,8.0,0.8062426447868347,stoned!,0.8026295537129045,"Jeez,",0.6012846976518631,"天哪,你看起来",False,你看起来很<unk>!,True
81,Everyone has heard of the chicken and egg problem.,9,每个人都听说过<unk>和蛋的问题.,True,8.0,0.6784724593162537,heard,0.612236462533474,Everyone,0.6002926602959633,每个人都有<unk>蛋问题.,True,听说过<unk>和蛋的问题.,True
338,"The opium poppy continues to be a major industrial source of opiates, including morphine.",14,罂粟树仍然是包括<unk>胺在内的<unk>片的主要工业来源.,True,9.0,0.17758212983608246,morphine.,0.0945398360490799,including,-0.11831401288509369,"罂粟仍然是主要的工业<unk>片来源,",True,罂粟树仍然是阿片类药物摩<unk>的主要工业来源.,True
407,When the frost has come it is time for turkey.,10,"当<unk>来了,是火<unk>的时间.",True,3.0,0.25032857060432434,When,0.24886607937514782,come,-0.0019085407257080078,"寒冷来了,是火<unk>的时间.",True,"寒冷的时候,是火<unk>的时间.",True
279,Sunburns can be avoided by applying sunscreen or by staying in the shadows.,13,通过涂抹防晒<unk>或呆在阴影中可以避免晒伤.,True,7.0,0.6271319389343262,sunscreen,0.5537474229931831,in,0.03098154067993164,通过涂抹或保持在阴影中可以避免晒伤.,False,通过涂抹防晒<unk>或保持阴影可以避免晒伤.,True
30,And you preferred a cannibal isle and a cartridge belt.,10,你更喜欢一个食人岛和一个弹<unk>带.,True,12.0,0.5257975459098816,preferred,0.31381890177726746,a,0.03046169877052307,你是一个食人岛和一个弹<unk>带.,True,你更喜欢食人岛和弹<unk>带.,True
69,Don't count your chickens before they hatch.,7,在<unk>化之前不要计数你的<unk>.,True,3.0,0.7132132053375244,hatch.,0.7066368856467307,chickens,0.6830724012106657,不要在他们之前计算你的<unk>.,True,在它们<unk>化之前不要计算.,True
170,Imagined monstrosities capered and gibbered in his imagination as he tried not to look behind him.,16,"想象中的怪物在他的想象中<unk>扎着,他试图不看后面.",True,11.0,0.7787044644355774,gibbered,0.34050628542900085,as,0.007081031799316406,"想象中的怪物在他的想象中<unk>,因为他试图不看后面.",True,他试图不看向后面.,False
353,The swimming pool was full of chlorine.,7,游泳池里充满了<unk>.,True,8.0,0.6362107396125793,chlorine.,0.6358161880052648,swimming,-0.040394723415374756,游泳池里充满了,False,游泳池里充满了<unk>.,True
42,"Besides, had he not whipped the big owl in the forest.",11,"此外,如果他没有鞭打森林中的大猫头<unk>.",True,14.0,0.6063938736915588,owl,0.42743542790412903,big,0.08998870849609375,"此外,如果他没有在森林里鞭打大人.",False,"此外,如果他没有在森林里鞭打猫头<unk>.",True
355,The thaw came early and freed the stream.,8,"冰<unk>早些时候来了,并释放了溪流.",True,4.0,0.29467594623565674,thaw,0.24001361057162285,came,0.2138851135969162,"他们早些时候来了,并释放了溪流.",False,"冰早解<unk>,并释放了溪流.",True
120,"He studied Theatre Arts and English at Western Kentucky University in Bowling Green, Kentucky.",14,他在肯塔基州<unk>林格林的西部肯塔基大学学习戏剧艺术和英语.,True,7.0,0.4192584156990051,Bowling,0.41921938220912125,He,-0.013090699911117554,他在肯塔基州格林的西部肯塔基大学学习戏剧艺术和英语.,False,在肯塔基州<unk>林格林的西部肯塔基大学学习戏剧艺术和英语.,True
145,I can't find the ruler in my pencil case.,9,我找不到我的<unk>笔盒里的线程.,True,6.0,0.4884238541126251,pencil,0.4868214272428304,the,-0.10809031128883362,我找不到我的线条.,False,我找不到我的<unk>笔盒中的线条.,True
380,They formed heaps that are visible a mile and a half away.,12,"它们形成了山堆,",False,,,,,,,,,,
126,Her ankles were free.,4,她的脚<unk>是自由的.,True,5.0,0.8090354800224304,ankles,0.8045793981291354,Her,0.10146921873092651,她是自由的.,False,脚<unk>是自由的.,True
270,Soak the cloth and drown the sharp odor.,8,"浸泡布料,淹没尖<unk>的气味.",True,11.0,0.7108765840530396,sharp,0.6551084779202938,the,-0.014652907848358154,"浸泡布料,淹没气味.",False,"浸泡布料,淹没尖<unk>的气味.",True
398,Used to hunt rabbits there myself.,6,我自己曾经在那里打<unk>子.,True,7.0,0.6873494982719421,rabbits,0.6831752466969192,there,0.11756867170333862,我自己曾经在那里打猎.,False,我自己曾经打<unk>子.,True
221,My shampoo is made from coconut and sweet almond.,9,我的洗发水是用<unk>子和甜杏仁制成的.,True,8.0,0.7784639000892639,coconut,0.7453292459249496,and,0.1291782259941101,我的洗发水是用甜杏仁制成的,False,我的洗发水是用<unk>子甜杏仁制成的.,True
316,"The flag is red, blue, and yellow.",7,"国旗是红色,蓝色和黄色的.",False,,,,,,,,,,
5,A man of straw needs a woman of gold.,9,一个<unk>草男人需要一个金色的女人.,True,3.0,0.44660139083862305,straw,0.44532820489257574,woman,0.12555748224258423,一个男人需要一个金色的女人.,False,一个<unk>草的人需要一个金子.,True
357,"The title of the monarch of Iseyin is ""The Aseyin of Iseyin"".",12,"伊塞因君主的称号是""伊塞因的伊塞因"".",False,,,,,,,,,,
21,"After playing tennis in virtual reality, he felt dizzy.",9,"在虚拟现实中打网球后, 他感到头<unk>.",True,14.0,0.8001309037208557,dizzy.,0.794809877872467,After,0.03444969654083252,"在虚拟现实中打网球后,他觉得",False,"在虚拟现实中打网球, 他感到头<unk>.",True
315,The fin was sharp and cut the clear water.,9,"翅膀是尖的,切断了清<unk>的水.",True,13.0,0.4626331627368927,clear,0.45934001239947975,the,0.11450347304344177,"鳍尖,切断了水",False,"翅膀是尖的,切割了清<unk>的水.",True
425,"You can't offer me something that is already mine, the chief said, arrogantly.",13,"你不能给我已经是我的东西, <unk>长傲慢地说.",True,10.0,0.48511165380477905,chief,0.47548891324549913,me,0.029031902551651,"你不能给我已经是我的东西,他说,傲慢地.",False,"你不能提供已经是我的东西, <unk>长傲慢地说.",True
206,"Look, fireflies!",2,"看看,<unk>火虫!",True,5.0,0.4185970425605774,fireflies!,0.4185325784201268,"Look,",0.40384839475154877,"看看,",False,萤火虫!,False
304,"The conical eggs are blue green when fresh, then turn orange.",11,"<unk>形的<unk>蛋新鲜时是蓝绿色的,然后变成<unk>色.",True,2.0,0.48690637946128845,conical,0.31242401897907257,orange.,0.15790265798568726,"蛋新鲜时是蓝绿色的,然后变成<unk>色.",True,"圆锥形的蛋新鲜时是蓝绿色的,然后转",False
436,Zappia has also won ten National Championships in powerlifting.,9,扎皮亚还赢得了十次国家举重锦标赛.,False,,,,,,,,,,
216,Mud was spattered on the front of his white shirt.,10,他的白色<unk>衫前面<unk>着泥土.,True,4.0,0.557606041431427,shirt.,0.5554049792699516,his,0.14699319005012512,他的白色的前面被泥土喷<unk>.,True,白衬衫前面散落了泥土,False
64,"Dirt and dust everywhere, give me the broom!",8,"污垢和尘埃到处,给我扫<unk>!",True,13.0,0.5865217447280884,broom!,0.5847779546165839,give,0.11375001072883606,"污垢和尘埃到处,给我",False,"污垢和尘埃到处,我扫帚!",False
351,The streets are narrow and full of sharp turns.,9,"街道狭窄,有很多<unk>的<unk>道.",True,9.0,0.5351739525794983,turns.,0.5273548029363155,of,0.07965531945228577,"街道狭窄,充满了尖<unk>",True,"街道狭窄,有很多<unk>曲.",True
178,It has also made watering holes inaccessible to the animals within this region.,13,它还使得该地区动物无法进入水坑.,False,,,,,,,,,,
173,"Instead, the stranger lowered it slowly, until the point touched the boy's forehead.",13,"相反,陌生人慢慢地放下它, 直到尖<unk>触及男孩的额头.",True,17.0,0.3625582754611969,touched,0.2840311601758003,forehead.,0.21885709464550018,"相反,陌生人慢慢地把它放下, 直到男孩的额头.",False,"相反,陌生人慢慢地降低了它,直到点触及男孩的",False
127,Her polo neck jumper is very stylish,7,她的polo领<unk>子非常时尚,True,6.0,0.15036214888095856,jumper,0.14983212342485785,stylish,0.06836964190006256,她的polo脖子非常时尚,False,她的polo<unk>子非常,True
227,Oak is strong and also gives shade.,7,"<unk>树是坚固的,也提供了阴影.",True,2.0,0.606351375579834,Oak,0.6054834484239109,shade.,0.005011141300201416,"它很强大,也提供了阴影.",False,"<unk>树是强大的,也给",True
129,"Hey look, a flying pig!",5,"<unk>,看,一个飞猪!",True,2.0,0.4667303264141083,Hey,0.46565801824908704,pig!,0.19859027862548828,"看,一个飞猪!",False,"<unk>,看看,一个飞行",True
35,"At her death she was the Dowager Countess of Dorset, Pembroke, and Montgomery.",13,"在她去世时,她是多塞特,<unk>布罗克和蒙哥马利的寡妇伯爵夫人.",True,13.0,0.37144187092781067,"Pembroke,",0.36924298550002277,the,0.0100230872631073,"在她去世时,她是多塞特和蒙哥马利的寡妇伯爵夫人.",False,"在她去世时,她是多塞特,<unk>布罗克和蒙哥马利的寡妇伯爵夫人.",True
163,"I'm not so much into anatomy, where's the bladder again?",10,"我对解剖学不太了解,膀<unk>又在哪里?",True,11.0,0.8639253377914429,bladder,0.6887411922216415,I'm,0.03757697343826294,"我不是那么喜欢解剖学,在哪里?",False,"不太了解解剖学,膀<unk>又在哪里?",True
431,You weren't kidding about the bait part.,7,你不是在开玩笑说诱<unk>.,True,10.0,0.7527296543121338,bait,0.7484401650726795,about,0.06958174705505371,你不是在开玩笑.,False,你不是在开玩笑的诱<unk>部分.,True
88,Fresh as a daisy.,4,像一朵<unk>花一样新鲜.,True,5.0,0.5184297561645508,as,0.5150421203579754,daisy.,0.5087456302717328,一朵新鲜的<unk>花.,True,新鲜的,False
328,The loafers and golf caddies were used to hanging out near the railway station.,14,摩托车和高尔夫球手习惯在火车站附近<unk>.,True,18.0,0.6467668414115906,hanging,0.6349888639524579,near,-0.05210024118423462,摩托车和高尔夫球手被用来在火车站附近.,False,摩托车和高尔夫球手习惯在火车站<unk>.,True
356,"The thief wasn't there, and the owner brought him a cup of tea.",13,"盗<unk>不在那里,老板给他带来了一杯茶.",True,4.0,0.848084032535553,thief,0.8353611584752798,and,0.006144344806671143,"没有,老板给他一杯茶.",False,"盗<unk>不在那里,老板给他带来了一杯茶.",True
73,Doughnuts are best with strawberry sprinkles and coffee.,8,甜甜圈是最好的草<unk><unk>和咖啡.,True,9.0,0.8119468092918396,Doughnuts,0.12578988075256348,strawberry,0.024486780166625977,最好与草<unk>和咖啡一起吃.,True,甜甜圈是最好的<unk>和咖啡.,True
369,"There is that magnificent Bob, eating his head off in the stable.",12,"那是那个壮丽的<unk>勃,在马<unk>里吃他的头.",True,8.0,0.49560827016830444,"Bob,",0.49252133537083864,the,0.026782244443893433,在马<unk>里吃掉他的头部.,True,"那是那个壮丽的<unk>勃,在马<unk>里吃他的头.",True
337,The one time pad is an ultimate encryption if applied correctly.,11,"如果正确应用,一次性<unk>板是最终的加密.",True,8.0,0.1859225630760193,pad,0.18586810635315487,encryption,0.11223334074020386,"如果正确应用,一次性加密是最终的加密.",False,"如果正确应用,一次性垫是终极的",False
309,The curtain rose and the show was on.,8,"幕<unk>抬起,演出开始了.",True,4.0,0.25089532136917114,curtain,0.24801616906188428,on.,0.14563550800085068,玫瑰和表演开始了,False,"幕后拉起,演出开始了",False
185,It was better than the scent of the hookahs.,9,这比水龙水的气味还好.,False,,,,,,,,,,
394,"To find out the exact threshold, we need to repeat this in a reproducible manner.",15,"为了找出确切的<unk>值, 我们需要以可重复的方式重复.",True,8.0,0.5952664613723755,"threshold,",0.5952621891101444,need,0.06948858499526978,"为了找出确切的答案, 我们需要以可复制的方式重复这一点.",False,"为了找出确切的<unk>值, 我们要以可复制的方式重复这一点.",True
14,A white silk jacket goes with any shoes.,8,一件白色的丝<unk><unk>克适合任何鞋子.,True,7.0,0.9664395451545715,silk,0.5667130053043365,A,0.010454297065734863,白色的<unk>克适合任何鞋子.,True,白色的丝<unk><unk>克适合任何鞋子.,True
314,The family lived over Staunton's mother's hair dressing salon.,9,这家人住在斯<unk>顿母亲的理发店上方.,True,6.0,0.3931005597114563,Staunton's,0.3895312587264925,lived,-0.0023658275604248047,这家人住在母亲的理发店上方.,False,斯<unk>顿母亲的理发店上的家人.,True
101,"He attended primary school in Waynesboro, Tennessee where his father ran a sawmill.",13,"他在田纳西州韦恩斯伯勒的小学上学,他的父亲经营着一座<unk>厂.",True,22.0,0.31487733125686646,sawmill.,0.314675905436161,ran,0.022270023822784424,"他在田纳西州韦恩斯伯勒的小学上学,",False,"他在田纳西州韦恩斯伯勒的小学上学,他的父亲在那里经营一家<unk>厂.",True
324,The horse balked and threw the tall rider.,8,"马<unk>了,把高个子的骑手扔了下来.",True,3.0,0.2827569544315338,balked,0.27966138045303524,rider.,0.20616457611322403,马和高高的骑手扔了.,False,"马子<unk>了起来,扔了高个子",True
74,"Doves sprouted, then escaped from various oversized pockets, some trailing handkerchiefs or bunting.",13,"<unk>子<unk>芽,然后从各种超大的口袋里逃脱, 有些拖着手帕或<unk>.",True,2.0,0.6766995191574097,Doves,0.6744671978522092,from,-0.03608810901641846,"然后从各种超大的口袋里逃脱,",False,"<unk>子<unk>芽,然后逃脱各种超大口袋, 一些拖着手帕或<unk>.",True
390,"Thus for singletons, topological distinguishability is a condition in between disjointness and separatedness.",13,"因此,对于单元,拓<unk>可区分性是分离性和分离性之间的条件.",True,9.0,0.7192547917366028,topological,0.6823748871684074,distinguishability,0.07643204927444458,"因此,对于单人,可区分性是分离和分离之间的条件.",False,"因此,对于单元,拓<unk>是分离和分离之间的条件.",True
108,He had surprised himself with the thought.,7,他对这个想法感到惊<unk>.,True,8.0,0.7989888191223145,thought.,0.3118584454059601,surprised,0.16724127531051636,他惊<unk>自己,True,他有自己与想法.,False
49,But to be guarded at such a time is very difficult.,11,但在这样的时候保持警<unk>是非常困难的.,True,8.0,0.7425323724746704,guarded,0.587828516960144,to,0.0898314118385315,但是在这样的时候是非常困难的.,False,但是在这样的时候保持警<unk>是非常困难的.,True
46,"Booth is trying to become a ""card shark"", but is not successful.",12,"布斯试图成为一个""卡牌<unk>鱼"",但没有成功.",True,10.0,0.823529064655304,"shark"",",0.8235137508836488,to,-0.005138516426086426,"布斯试图成为""卡片"", 但没有成功.",False,"布斯试图成为一个""卡牌<unk>鱼"",但没有成功.",True
293,"The boy and the Englishman had bought camels, and climbed uncertainly onto their backs.",14,"这个男孩和英国人买了<unk>驼, 并不确定地爬上他们的背.",True,9.0,0.8021312952041626,"camels,",0.8018406405462883,boy,0.2651935815811157,"男孩和英国人买了,并不确定地爬上他们的背.",False,"这位英国人买了<unk>驼,并不确定地爬上他们的背.",True
179,It is characterized by intense subjectivity and rough handling of materials.,11,它的特点是强烈的主观和粗鲁的材料处理.,False,,,,,,,,,,
156,I think Tuppy was surprised.,5,我认为塔皮很惊<unk>.,True,7.0,0.6830207705497742,surprised.,0.5914942696690559,I,0.014899253845214844,我认为Tuppy是,False,我认为塔皮很惊<unk>.,True
408,Where did you find that apple?,6,你在哪里找到那个<unk>果?,True,7.0,0.5678951144218445,apple?,0.5678538651300187,find,0.01911240816116333,你在哪里找到那个,False,你从哪里得到那个<unk>果?,True
396,Two spectators were also injured by flying debris.,8,两名观众也因飞<unk>碎片而受伤.,True,9.0,0.19942320883274078,debris.,0.1895825620740652,were,-0.018436357378959656,两名观众也因飞行而受伤,False,两名观众也因飞<unk>碎片而受伤.,True
83,Fabian does not like pepper.,5,法比安不喜欢胡<unk>.,True,8.0,0.7368777990341187,pepper.,0.736020467185881,Fabian,0.1455419659614563,法比安不喜欢,False,不喜欢胡<unk>.,True
434,"Youth had come back to her, freed from the yoke of oppression.",12,"她的青春已经回来了, 摆脱了压迫的<unk>.",True,18.0,0.5440630912780762,yoke,0.5363205587491393,to,0.02029705047607422,"她的青春回来了,从压迫中解放出来.",False,"她的青春回来了,从压迫的<unk>下解放出来.",True
50,Can I at least keep the onion soup?,8,至少我可以保留洋<unk>吗?,True,6.0,0.8930337429046631,onion,0.37788546085357666,keep,0.11881601810455322,至少我可以保留汤吗?,False,至少我可以吃洋<unk>吗?,True
22,"After twelve hours of rowing, Darius climbed out of the canoe, and lied down on the beach to nap.",19,"划船十二小时后,达利乌斯从独木舟上爬出来,躺在海滩上休息.",False,,,,,,,,,,
322,The hail pattered on the burnt brown grass.,8,冰雹在烧焦的棕色草地上敲打.,False,,,,,,,,,,
368,"Then the old man began to inspect the sheep, and he saw that one was lame.",16,"然后这位老人开始检查羊, 他看到一个是<unk>的.",True,14.0,0.8602392673492432,lame.,0.8602301228766009,the,-0.00661391019821167,"然后老人开始检查羊,他看到有一个",False,"然后这位老人开始检查羊, 他看到一个是<unk>的.",True
189,It's a homogeneous city.,4,这是一个同质的城市.,False,,,,,,,,,,
177,"It habitually perches in trees, which gives rise to its specific name.",12,"它通常<unk>在树上,因此得名.",True,4.0,0.2671847939491272,perches,0.26578309712931514,"trees,",-0.06091395020484924,"它通常在树上生长,因此得名",False,"它通常<unk>在其中, 产生了它的特殊名字.",True
118,"He should not be confused with the post-bop tuba player, Howard Johnson.",12,他不应该与后波普式杜巴演奏家霍华德·约翰逊混<unk>.,True,21.0,0.7884925007820129,confused,0.7855151211842895,should,-0.017024695873260498,他不应该和后波普式杜巴演奏家霍华德·约翰逊在一起.,False,他不应该与后波普的杜巴演奏家霍华德·约翰逊混<unk>.,True
232,"Oh, what are you going to when he arrives?",9,"<unk>,当他到达时,你会做什么?",True,2.0,0.7596167325973511,"Oh,",0.7595841568108881,what,0.14965105056762695,"当他到达时,你会做什么?",False,"<unk>,当他到达时,你会吗?",True
45,Boffer weapons are commonly used as props in live action role-playing games.,12,玻佛武器通常被用作现场动作角色扮演游戏的道具.,False,,,,,,,,,,
312,The erbium doped amplifier is a high gain amplifier.,9,带有<unk>的放大器是一个高增益放大器.,True,5.0,0.4181565046310425,amplifier.,0.22989284992218018,high,0.0339294970035553,添加了埃尔比的放大器具有高增益,False,带有<unk>的放大器是一个增益放大器.,True
1,A gritting lorry is used to grit the roads when frost is expected overnight,14,"当夜间预计会有<unk>时,使用<unk>砂卡车<unk>砂道路",True,8.0,0.2497507929801941,frost,0.23934304155409336,used,0.012619763612747192,一辆砂车在夜间被用来砂化道路,False,一辆砂车在夜间预计会有<unk>时将道路砂化,True
63,"Directed by Gaylene Preston, the film was also called ""Bread and Roses"".",12,"这部电影也被称为""面包和<unk>"".",True,9.0,0.6831470131874084,"Roses"".",0.664697203785181,film,0.01258784532546997,"这部电影也被称为""面包和",False,"这部电影由盖琳·普雷斯顿执导,",False
15,A young boy in a white karate gi executes a jump kick.,12,一个穿着白色空手道吉的年轻男孩跳跃,False,,,,,,,,,,
273,"Sports, music, cooking and other topics are covered.",8,"体育,音乐,<unk>和其他主题都被涵盖.",True,7.0,0.3303399384021759,cooking,0.3303313368496674,other,-0.036891937255859375,"报道了体育,音乐和其他主题.",False,"体育,音乐,<unk>和主题都被涵盖.",True
27,And a whole cold chicken staring us right in the face.,11,一个冷冷的<unk>正<unk>着我们的脸.,True,6.0,0.5106335282325745,chicken,0.4957180405035615,the,-0.004417002201080322,整个感冒正<unk>着我们的脸.,True,一个冷冷的<unk>正<unk>着我们的脸.,True
334,"The next edition of Thunder, Rick Steiner defeated Jarrett and Totally Buffed defeated KroniK.",14,"在下一届雷<unk>赛中,里克·斯坦纳击败了贾雷特,而""完全<unk>""击败了克罗尼克.",True,7.0,0.497405469417572,"Thunder,",0.4973399242007872,KroniK.,0.14091545343399048,"在下一版的Rick Steiner击败了Jarrett, 完全<unk>服击败了Kronik.",True,"在下一届雷<unk>赛中,里克·斯坦纳击败了贾雷特,",True
290,"The alchemist stopped abruptly, and bent to the ground.",9,"这位炼金术士突然停下来,并<unk>向地面.",True,12.0,0.587388277053833,alchemist,0.5482393838465214,ground.,0.3476955145597458,"突然停下来,并<unk>向地面.",True,"炼金术士突然停了下来,并<unk>向",True
138,Holders of the ranks were given a smaller marshal's star since then.,12,"从那时起,这些军衔的持有者就被授予一个较小的元<unk>星.",True,21.0,0.6929170489311218,marshal's,0.6640665344893932,ranks,0.26660019159317017,"从那时起,这些等级的持有者就被授予一个较小的星星.",False,"从那时起,拥有者就获得了较小的元<unk>星.",True
421,Yell and clap as the curtain slides back.,8,"窗帘向后滑动时,大声喊叫和鼓掌",False,,,,,,,,,,
12,A sweater is known as a jumper in England.,9,"在英格兰,毛衣被称为<unk>子.",True,8.0,0.20478034019470215,jumper,0.1986933914013207,England.,0.15399622544646263,"在英格兰,毛衣被称为a.",False,毛衣被称为跳<unk>,True
