id,sample_id,primary_accent,clip,sentence,reference_translation_zh,official_direct_translation,translation,runtime_sec,audio_duration_sec,loader_used,generated_token_count,generated_token_ids,contains_literal_unk,special_unk_id_count,exactly_matches_official
sample_0090,spk_1183,England English,common_voice_en_19720454.mp3,Restoration silver is characterized by embossed motifs for tulips and naturalistic fruit and leaves.,修复银的特点是压花图案表现的郁金香和自然的水果和树叶。,修复银的特点是<unk>花和自然的水果和叶子的雕刻图案.,修复银的特点是<unk>花和自然的水果和叶子的雕刻图案.,3.121174500000002,8.352,torchaudio,27,"[3, 256016, 247661, 250064, 250328, 251004, 190724, 249506, 248402, 249371, 2105, 248948, 250120, 248582, 48240, 248016, 249614, 249155, 248582, 252337, 175574, 252685, 250991, 249914, 249649, 247676, 3]",True,0,True
sample_0221,spk_1435,England English,common_voice_en_17259609.mp3,Who is the blonde girl with the red skirt?,那个穿红裙子的金发女孩是谁?,那个穿着红色<unk>子的金发女孩是谁?,那个穿着红色<unk>子的金发女孩是谁?,1.906970042000001,3.432,torchaudio,19,"[3, 256016, 48352, 248802, 251381, 249783, 251202, 249633, 249371, 2105, 248948, 175574, 249179, 249043, 95591, 248402, 251525, 247805, 3]",True,0,True
sample_0235,spk_0391,England English,common_voice_en_541692.mp3,"When he saw Henderson in his garden, he called over the fence and made himself understood.",当他看见 Henderson 在他的花园里时，他隔着篱笆喊了一声，对方明白了他的意思。,"当他看到亨德森在他的花园,他叫过<unk>,并让自己理解.","当他看到亨德森在他的花园,他叫过<unk>,并让自己理解.",2.657028457999999,8.064,torchaudio,26,"[3, 256016, 34931, 248575, 26364, 252416, 249442, 250667, 248408, 20103, 250120, 251236, 247681, 248575, 250754, 249249, 249371, 2105, 248948, 247681, 249244, 250108, 8456, 53659, 247676, 3]",True,0,True
sample_0282,spk_0036,England English,common_voice_en_17757054.mp3,The hail pattered on the burnt brown grass.,冰雹拍打着烧焦的棕色草地。,冰雹在烧焦的棕色草地上<unk>.,冰雹在烧焦的棕色草地上<unk>.,1.8280672499999966,3.912,torchaudio,18,"[3, 256016, 247661, 251541, 255109, 248408, 252623, 251896, 248016, 253461, 249633, 250865, 214311, 249371, 2105, 248948, 247676, 3]",True,0,True
sample_0441,spk_1294,England English,common_voice_en_18080473.mp3,"Roll the dice, please.",请掷骰子。,"投<unk>子,请.","投<unk>子,请.",1.4466286249999953,2.664,torchaudio,12,"[3, 256016, 247661, 249782, 249371, 2105, 248948, 249036, 247681, 250164, 247676, 3]",True,0,True
sample_0653,spk_0825,Filipino,common_voice_en_13476.mp3,"Grime, rust and residual particles polluted the air.",尘垢、铁锈和残留的微粒污染了空气。,"污垢,<unk>和残留的粒子污染了空气.","污垢,<unk>和残留的粒子污染了空气.",2.354892458000002,6.816,torchaudio,20,"[3, 256016, 247661, 251902, 254272, 247681, 249371, 2105, 248948, 248582, 250868, 250376, 248016, 252237, 249036, 149526, 248685, 173000, 247676, 3]",True,0,True
sample_0731,spk_1497,Filipino,common_voice_en_20040334.mp3,A little scrambling is required for access.,访问需要加一些扰码。,需要一点<unk>密才能进入.,需要一点<unk>密才能进入.,1.4714583750000045,3.576,torchaudio,12,"[3, 256016, 184686, 183396, 249371, 2105, 248948, 250217, 65985, 58218, 247676, 3]",True,0,True
sample_0826,spk_1303,Filipino,common_voice_en_124012.mp3,"The Englishman prodded him, and the boy asked her about the man who cured people's illnesses.",英国人戳了他一下，男孩就问她是谁治好了人们的病。,"这位英国人<unk>了他,男孩问她关于治愈人们疾病的人.","这位英国人<unk>了他,男孩问她关于治愈人们疾病的人.",2.494818707999997,7.68,torchaudio,21,"[3, 256016, 218741, 35342, 248455, 249371, 2105, 248948, 243230, 247681, 140212, 249532, 249546, 22731, 249764, 252899, 54563, 77404, 10867, 247676, 3]",True,0,True
sample_0905,spk_1356,Filipino,common_voice_en_44721.mp3,"They walked in from the rain, all dishevelled and steaming.",他们从雨中走了进来，衣冠不整，浑身湿透。,"他们从雨中走进来, 所有的<unk>乱和蒸汽.","他们从雨中走进来, 所有的<unk>乱和蒸汽.",1.954687958000001,3.456,torchaudio,21,"[3, 256016, 33624, 249613, 251363, 248618, 250118, 249294, 249007, 247681, 247661, 73146, 249371, 2105, 248948, 251886, 248582, 252812, 250844, 247676, 3]",True,0,True
sample_0965,spk_0513,Filipino,common_voice_en_18336203.mp3,"You were looking squeamish this afternoon, he began.",他说着，你今天下午看起来很邋遢。,"他开始说,今天下午你看起来很<unk>.","他开始说,你今天下午看起来很<unk>.",1.7838649159999989,4.32,torchaudio,16,"[3, 256016, 4372, 24205, 249368, 247681, 248894, 55819, 19675, 169449, 249315, 249371, 2105, 248948, 247676, 3]",True,0,False
sample_1253,spk_1043,Hong Kong English,common_voice_en_17808893.mp3,The cleat sank deeply into the soft turf.,桩子深深地沉入软草地里。,草<unk>沉入了柔软的草地.,草<unk>沉入了柔软的草地.,1.7662140420000014,3.696,torchaudio,17,"[3, 256016, 247661, 250865, 249371, 2105, 248948, 252006, 249141, 248685, 252478, 250881, 248016, 250865, 248873, 247676, 3]",True,0,True
sample_1265,spk_1314,Hong Kong English,common_voice_en_558075.mp3,My shampoo is made from coconut and sweet almond.,我的洗发水由椰子和甜杏仁制成。,我的洗发水是用<unk>子和甜杏仁制成的,我的洗发水是用<unk>子和甜杏仁制成的,1.9687007499999964,3.72,torchaudio,20,"[3, 256016, 87003, 251342, 249043, 249614, 248402, 248801, 249371, 2105, 248948, 249036, 248582, 252339, 253037, 252468, 249344, 248839, 248016, 3]",True,0,True
sample_1383,spk_1043,Hong Kong English,common_voice_en_17782198.mp3,"If you want a sandwich, don't hesitate grabbing one.",如果你想要一个三明治，不要犹豫，抓住一个。,"如果你想要一个三明治,不要犹<unk>抓住一个.","如果你想要一个三明治,不要犹<unk>抓住一个.",1.797784583000002,3.144,torchaudio,19,"[3, 256016, 50525, 44723, 5085, 249271, 249355, 249764, 247681, 56399, 252423, 249371, 2105, 248948, 252438, 249791, 5085, 247676, 3]",True,0,True
sample_1555,spk_1218,Hong Kong English,common_voice_en_189557.mp3,I bet you forgot the wine!,我打赌你忘了酒！,我敢打<unk>你忘了葡萄酒!,我敢打<unk>你忘了葡萄酒!,1.471350583000003,1.896,torchaudio,15,"[3, 256016, 3742, 252196, 249564, 249371, 2105, 248948, 248894, 251376, 248685, 95091, 250249, 248054, 3]",True,0,True
sample_1731,spk_0294,Hong Kong English,common_voice_en_100351.mp3,My roommate’s boyfriend is taking up two shelves of fridge space with his beer.,我室友的男朋友的啤酒占据了冰箱的两格空间。,我室友的男朋友用他的<unk>酒占据了冰箱的两个架子.,我室友的男朋友用他的<unk>酒占据了两个冰箱的空间.,2.379857000000001,6.552,torchaudio,24,"[3, 256016, 3742, 250159, 249950, 248016, 249824, 36947, 248801, 20103, 249371, 2105, 248948, 250249, 250781, 249693, 248685, 46043, 251541, 251460, 248016, 74978, 247676, 3]",True,0,False
sample_1864,spk_0256,"India and South Asia (India, Pakistan, Sri Lanka)",common_voice_en_17375818.mp3,"The diver forced open the oyster, revealing a shimmering pearl.",潜水员强行打开牡蛎，露出一颗闪闪发光的珍珠。,"这位潜水员强行打开了<unk>,发现了一颗闪闪发光的珍珠.","这位潜水员强行打开了<unk>,发现了一颗闪闪发光的珍珠.",2.317806165999997,5.064,torchaudio,26,"[3, 256016, 218741, 251550, 249614, 249189, 249968, 248719, 205782, 248685, 249371, 2105, 248948, 247681, 37034, 25497, 252810, 253222, 253222, 249043, 250004, 248016, 251947, 252052, 247676, 3]",True,0,True
sample_2041,spk_1573,"India and South Asia (India, Pakistan, Sri Lanka)",common_voice_en_19810915.mp3,The band's sound is distinctive due to the powerful vocals of singer Sonia Pineault.,乐队的声音因歌手 Sonia Pineault 的强劲嗓音而与众不同。,"乐队的声音是独特的,因为歌手索尼<unk>·皮内尔的强大声乐.","乐队的声音是独特的,因为歌手索尼<unk>·皮内尔的强大声乐.",2.541536375000007,5.904,torchaudio,28,"[3, 256016, 247661, 140970, 248016, 155835, 248402, 250482, 159254, 247681, 18551, 53894, 250477, 249814, 249371, 2105, 248948, 248990, 250942, 249438, 249683, 248016, 249968, 248599, 250549, 249734, 247676, 3]",True,0,True
sample_2061,spk_1464,"India and South Asia (India, Pakistan, Sri Lanka)",common_voice_en_17286660.mp3,"To find out the exact threshold, we need to repeat this in a reproducible manner.",为了找出确切的阈值，我们需要以可重复的方式重复此过程。,"为了找出确切的<unk>值, 我们需要以可重复的方式重复.","为了找出确切的<unk>值, 我们需要以可重复的方式重复.",2.1419287500000053,5.376,torchaudio,22,"[3, 256016, 74456, 250211, 248761, 249865, 249899, 248016, 249371, 2105, 248948, 250033, 247681, 19704, 12176, 248678, 248812, 246656, 61228, 246656, 247676, 3]",True,0,True
sample_2093,spk_0819,"India and South Asia (India, Pakistan, Sri Lanka)",common_voice_en_1868987.mp3,"Doves sprouted, then escaped from various oversized pockets, some trailing handkerchiefs or bunting.",鸽子涌现而出，然后从各种超大的口袋力逃出来，一些嘴里叼着手帕或彩布。,"<unk>子<unk>芽,然后从各种超大的口袋里逃脱, 有些拖着手帕或<unk>.","<unk>子<unk>芽,然后从各种超大的口袋里逃脱, 有些拖着手帕或<unk>.",2.90761804200001,6.816,torchaudio,33,"[3, 256016, 9614, 2105, 248948, 249036, 249371, 2105, 248948, 253792, 247681, 73162, 249613, 57099, 249650, 21087, 249661, 252030, 249184, 251651, 251646, 247681, 96214, 252604, 249783, 249262, 251361, 249241, 249371, 2105, 248948, 247676, 3]",True,0,True
sample_2176,spk_1040,"India and South Asia (India, Pakistan, Sri Lanka)",common_voice_en_666818.mp3,The flock of flamingos landed gracefully on their awkward looking legs.,一群火烈鸟优雅地落在它们笨拙的腿上。,这群火<unk>鸟在它们<unk>拙的腿上优雅地降落.,这群火<unk>鸟在它们<unk>拙的腿上优雅地降落.,2.354262792,5.304,torchaudio,25,"[3, 256016, 7068, 250529, 250269, 249371, 2105, 248948, 253026, 248408, 39741, 249371, 2105, 248948, 254425, 248016, 252654, 248708, 250708, 251244, 248873, 250586, 250331, 247676, 3]",True,0,True
sample_2442,spk_0551,Malaysian English,common_voice_en_18330153.mp3,"Youth had come back to her, freed from the yoke of oppression.",青年回到了她身边，摆脱了压迫的束缚。,"她回到了年轻,从压迫的<unk>中解放出来.","她回到了年轻,从压迫的<unk>中解放出来.",2.009426000000005,5.496,torchaudio,19,"[3, 256016, 25141, 249491, 38894, 95443, 247681, 249613, 251279, 251106, 248016, 249371, 2105, 248948, 248618, 176400, 57396, 247676, 3]",True,0,True
sample_2724,spk_0263,Malaysian English,common_voice_en_184404.mp3,"When the carpet and the curtains caught fire, it was getting warm.",当地毯和窗帘着火时，温度逐渐上升。,"当地毯和窗<unk>着火时,天气开始变暖.","当地毯和窗<unk>着火时,天气开始变暖.",2.3838782079999987,8.88,torchaudio,20,"[3, 256016, 34931, 248873, 253936, 248582, 252224, 249371, 2105, 248948, 249783, 250269, 249039, 247681, 183563, 24205, 249967, 251862, 247676, 3]",True,0,True
sample_2757,spk_1447,Malaysian English,common_voice_en_17252814.mp3,"Hey look, a flying pig!",嘿，看，一只飞猪！,"<unk>,看,一个飞猪!","<unk>,看,一个飞猪!",1.4142036669999953,2.736,torchaudio,13,"[3, 256016, 9614, 2105, 248948, 247681, 249251, 247681, 5085, 250987, 253034, 248054, 3]",True,0,True
sample_2779,spk_0467,Malaysian English,common_voice_en_18982682.mp3,Forbes was born in Dundee.,《福布斯杂志》诞生于邓迪。,福布斯出生在<unk>迪.,福布斯出生在<unk>迪.,1.5717177500000048,4.92,torchaudio,13,"[3, 256016, 97955, 249615, 249019, 15831, 248408, 249371, 2105, 248948, 250766, 247676, 3]",True,0,True
sample_2971,spk_0290,Malaysian English,common_voice_en_19118255.mp3,"Linfen has rich mineral resources including coal, iron ore, copper, and lead.",临汾有丰富的煤、铁矿石、铜、铅等矿产资源。,"林芬拥有丰富的矿产资源,包括煤炭,铁矿石,铜和<unk>.","林芬拥有丰富的矿产资源,包括煤炭,铁矿石,铜和<unk>.",2.592239875000004,7.656,torchaudio,26,"[3, 256016, 139015, 251962, 48079, 177317, 248016, 252267, 249591, 44397, 247681, 15099, 252789, 252708, 247681, 251609, 252267, 250416, 247681, 253349, 248582, 249371, 2105, 248948, 247676, 3]",True,0,True
sample_3082,spk_0125,"Southern African (South Africa, Zimbabwe, Namibia)",common_voice_en_19181257.mp3,The family lived over Staunton's mother's hair dressing salon.,全家依靠 Staunton 母亲的美发沙龙为生。,这家人住在斯<unk>顿母亲的理发店上方.,这家人住在斯<unk>顿母亲的理发店上方.,2.0172197499999953,6.216,torchaudio,19,"[3, 256016, 7068, 74937, 90753, 249019, 249371, 2105, 248948, 251182, 138383, 248016, 249054, 249043, 249787, 248708, 248903, 247676, 3]",True,0,True
sample_3131,spk_0869,"Southern African (South Africa, Zimbabwe, Namibia)",common_voice_en_17272685.mp3,I can't find the ruler in my pencil case.,我找不到我铅笔盒里的尺子。,我在<unk>笔箱里找不到线索.,我在<unk>笔箱里找不到线索.,1.642631209000001,3.792,torchaudio,15,"[3, 256016, 174483, 249371, 2105, 248948, 251996, 251460, 249184, 250211, 83798, 250143, 250477, 247676, 3]",True,0,True
sample_3220,spk_1533,"Southern African (South Africa, Zimbabwe, Namibia)",common_voice_en_20031563.mp3,The Girl Guide emblem is set upon a banner of the flag of Estonia.,女童军的徽章被挂在爱沙尼亚国旗的旗帜上。,女导游的标志是印在爱沙尼亚国旗的旗<unk>上.,女导游的标志是印在爱沙尼亚国旗的旗<unk>上.,2.114297666000013,4.464,torchaudio,23,"[3, 256016, 70185, 250038, 249977, 248016, 196011, 248402, 249960, 248408, 250321, 250940, 64408, 248636, 251771, 248016, 251771, 249371, 2105, 248948, 248708, 247676, 3]",True,0,True
sample_3340,spk_0340,"Southern African (South Africa, Zimbabwe, Namibia)",common_voice_en_569340.mp3,I couldn’t stop staring at it.,我不停地盯着它。,我无法停止<unk>着它.,我无法停止<unk>着它.,1.3548488750000018,2.568,torchaudio,12,"[3, 256016, 3742, 60675, 95744, 249371, 2105, 248948, 249783, 249234, 247676, 3]",True,0,True
sample_3536,spk_0178,"Southern African (South Africa, Zimbabwe, Namibia)",common_voice_en_18884069.mp3,The cover art is by Ed Roth and Dave Christensen.,封面艺术是 Ed Roth 和 Dave Christensen 的作品。,封面是由埃德·罗斯和戴夫·克里斯<unk>森创作的.,封面是由埃德·罗斯和戴夫·克里斯<unk>森创作的.,2.330274000000003,5.4,torchaudio,25,"[3, 256016, 247661, 251393, 249137, 108732, 250969, 249442, 248990, 250156, 249019, 248582, 251861, 250230, 248990, 249420, 101776, 249371, 2105, 248948, 250667, 250127, 187522, 247676, 3]",True,0,True
sample_3699,spk_1569,United States English,common_voice_en_17877282.mp3,Steam hissed from the broken valve.,蒸汽从阀门的破裂处发出嘶嘶声。,蒸汽从破碎的<unk>门发出<unk>声.,蒸汽从破碎的<unk>门发出<unk>声.,1.9218258749999961,4.008,torchaudio,20,"[3, 256016, 247661, 252812, 250844, 249613, 250616, 252645, 248016, 249371, 2105, 248948, 250054, 246834, 249371, 2105, 248948, 250549, 247676, 3]",True,0,True
sample_3744,spk_0803,United States English,common_voice_en_2972.mp3,You mean spies and things like that?,你是说间谍之类的？,你的意思是间<unk>和类似的东西?,你的意思是间<unk>和类似的东西?,1.4638786659999994,2.856,torchaudio,14,"[3, 256016, 191779, 59625, 248402, 249403, 249371, 2105, 248948, 248582, 122001, 125710, 247805, 3]",True,0,True
sample_3753,spk_0056,United States English,common_voice_en_17877631.mp3,"Pencils down, time is over.",请放下铅笔，时间到了。,"放下<unk>笔,时间过去了.","放下<unk>笔,时间过去了.",1.4214914580000055,2.304,torchaudio,14,"[3, 256016, 204143, 248944, 249371, 2105, 248948, 251996, 247681, 19440, 56785, 248685, 247676, 3]",True,0,True
sample_4039,spk_1233,United States English,common_voice_en_461793.mp3,Best to bend it while it's a twig.,当它还是一根小树枝的时候，最好把它弄弯。,最好在树枝还小的时候<unk>曲.,最好在树枝还小的时候<unk>曲.,1.633779000000004,3.648,torchaudio,16,"[3, 256016, 18929, 249071, 248408, 252004, 253360, 249660, 249076, 64534, 249371, 2105, 248948, 249714, 247676, 3]",True,0,True
sample_4042,spk_0776,United States English,common_voice_en_19817568.mp3,"Following Portsmouth's relegation, Diop was considered likely to be released.",在朴茨茅斯降级之后，有人认为 Diop 可能会转会。,"在波茨<unk>斯降级后,迪奥普被认为很可能被释放.","在波茨<unk>斯降级后,迪奥普被认为很可能被释放.",2.2883781250000084,6.072,torchaudio,23,"[3, 256016, 5170, 250251, 252123, 249371, 2105, 248948, 249019, 250586, 250137, 249374, 247681, 250766, 250782, 249981, 148065, 249315, 8202, 249078, 212227, 247676, 3]",True,0,True
