Subset,System,N,Corpus BLEU,Corpus chrF,Corpus chrF++,Mean sentence chrF++
All clips,Direct,4200,38.85569545656245,32.379595650368785,25.084534959995853,27.858714264876227
All clips,Cascade-600M,4200,29.1054698949094,24.229297911720224,18.44426929361272,20.857865862304294
All clips,Cascade-3.3B,4200,31.914299576485618,26.364835836396676,20.059405943861183,22.871718206459082
<unk>-free clips,Direct,3692,40.673343794209174,33.90836881921626,26.324413694700645,29.08060303497577
<unk>-free clips,Cascade-600M,3692,30.21364259050659,25.068931408087323,19.100831430926014,21.577616880471858
<unk>-free clips,Cascade-3.3B,3692,33.07237076044847,27.27316984862519,20.77120598436945,23.663839557632897
<unk> clips only,Direct,508,25.641025079922596,23.278009360737805,17.546312715710034,18.978373045963778
<unk> clips only,Cascade-600M,508,21.92837549522929,18.861126590289125,14.22138066982824,15.626919486173065
<unk> clips only,Cascade-3.3B,508,24.356764131043068,20.53879494736954,15.460569517270814,17.11480476446359
