system,accent,mean_score,share_zero_score,share_unk,mean_wer,share_wer_positive,mean_ref_chars
Direct,England,2.2237447560452077,0.1,0.3,0.09166666666666665,0.3,13.2
Direct,Filipino,0.76378250132597,0.6,0.0,0.1125,0.5,10.1
Direct,Hong Kong,0.28571428571428575,0.8,0.2,0.09837662337662337,0.3,7.9
Direct,India / South Asia,0.4274891774891775,0.7,0.2,0.16666666666666666,0.2,9.2
Direct,Malaysian,0.0,1.0,0.1,0.1,0.1,7.0
Direct,Southern African,1.2123960261338582,0.4,0.1,0.09285714285714285,0.2,12.9
Direct,United States,0.6020087075308508,0.5,0.1,0.01428571428571428,0.1,10.0
Cascade-600M,England,0.9418621249669457,0.3,0.3,0.135,0.4,16.3
Cascade-600M,Filipino,0.22375416496934375,0.7,0.1,0.18619047619047616,0.8,12.8
Cascade-600M,Hong Kong,0.13663823738450603,0.8,0.2,0.30504329004329,0.6,9.6
Cascade-600M,India / South Asia,0.0,1.0,0.3,0.5607142857142857,0.6,8.1
Cascade-600M,Malaysian,0.22509748316199926,0.8,0.2,0.2742857142857143,0.4,7.8
Cascade-600M,Southern African,0.11139455782312924,0.8,0.2,0.10054945054945055,0.3,11.6
Cascade-600M,United States,0.05494505494505495,0.9,0.2,0.18,0.2,9.9
Cascade-3.3B,England,0.5154758330116153,0.6,0.2,0.13846153846153847,0.3,14.8
Cascade-3.3B,Filipino,0.0,1.0,0.0,0.11190476190476188,0.5,7.5
Cascade-3.3B,Hong Kong,0.20800627943485087,0.7,0.3,0.35393217893217893,0.9,12.8
Cascade-3.3B,India / South Asia,0.0,1.0,0.2,0.43849206349206343,0.6,10.8
Cascade-3.3B,Malaysian,0.0,1.0,0.1,0.17904761904761904,0.3,7.5
Cascade-3.3B,Southern African,0.24775364308885872,0.7,0.0,0.12095238095238092,0.4,16.2
Cascade-3.3B,United States,0.0,1.0,0.3,0.21749999999999997,0.3,8.7
